dataset ,coarsening_method       ,coarsening_ratio ,exp_setup           ,extra_nodes ,cluster_node ,hidden ,num_layers1 ,num_layers2 ,epochs1 ,epochs2 ,batch_size ,lr     ,best_test_loss             ,best_test_acc
AIDS    ,variation_neighborhoods ,             0.5 ,Gc_train_2_Gs_infer ,False       ,False        ,   512 ,          2 ,          2 ,    100 ,    300 ,       128 ,0.01   ,       0.8770928680896759  ,0.5775862068965517
AIDS    ,variation_neighborhoods ,             0.5 ,Gc_train_2_Gs_infer ,False       ,False        ,   512 ,          2 ,          2 ,    100 ,    300 ,       128 ,0.01   ,       0.5086708515882492  ,0.8103448275862069

###
AIDS    ,variation_neighborhoods ,             0.1 ,Gc_train_2_Gs_infer ,False       ,True         ,   512 ,          2 ,          2 ,    100 ,    300 ,         2 ,0.001  ,      11.559673553466796   ,0.5
AIDS    ,variation_neighborhoods ,             0.1 ,Gc_train_2_Gs_infer ,False       ,True         ,   512 ,          2 ,          2 ,    100 ,    300 ,         2 ,0.01   ,      47.567646057128904   ,0.5
AIDS    ,variation_neighborhoods ,             0.1 ,Gc_train_2_Gs_infer ,False       ,True         ,   512 ,          2 ,          2 ,    100 ,    300 ,         2 ,0.1    ,     417.098625            ,0.5
AIDS    ,variation_neighborhoods ,             0.1 ,Gc_train_2_Gs_infer ,False       ,True         ,   512 ,          2 ,          2 ,    100 ,    300 ,        16 ,0.001  ,       2.3043494487636593  ,0.5
AIDS    ,variation_neighborhoods ,             0.1 ,Gc_train_2_Gs_infer ,False       ,True         ,   512 ,          2 ,          2 ,    100 ,    300 ,        16 ,0.01   ,       0.5387341172900051  ,0.75
AIDS    ,variation_neighborhoods ,             0.1 ,Gc_train_2_Gs_infer ,False       ,True         ,   512 ,          2 ,          2 ,    100 ,    300 ,        16 ,0.1    ,       1.2026215928635793  ,1.0
AIDS    ,variation_neighborhoods ,             0.1 ,Gc_train_2_Gs_infer ,False       ,True         ,   512 ,          2 ,          2 ,    100 ,    300 ,        32 ,0.001  ,       1.7683058194816113  ,0.75
AIDS    ,variation_neighborhoods ,             0.1 ,Gc_train_2_Gs_infer ,False       ,True         ,   512 ,          2 ,          2 ,    100 ,    300 ,        32 ,0.01   ,       1.0102204773575068  ,0.8
AIDS    ,variation_neighborhoods ,             0.1 ,Gc_train_2_Gs_infer ,False       ,True         ,   512 ,          2 ,          2 ,    100 ,    300 ,        32 ,0.1    ,       1.0468625789508224  ,0.85
AIDS    ,variation_neighborhoods ,             0.1 ,Gc_train_2_Gs_infer ,False       ,True         ,   512 ,          2 ,          2 ,    100 ,    300 ,       128 ,0.001  ,       0.6904687359929085  ,0.7672413793103449
AIDS    ,variation_neighborhoods ,             0.1 ,Gc_train_2_Gs_infer ,False       ,True         ,   512 ,          2 ,          2 ,    100 ,    300 ,       128 ,0.01   ,       0.6501797884702682  ,0.7931034482758621
AIDS    ,variation_neighborhoods ,             0.1 ,Gc_train_2_Gs_infer ,False       ,True         ,   512 ,          2 ,          2 ,    100 ,    300 ,       128 ,0.1    ,       4.380642771720886   ,0.8275862068965517
AIDS    ,variation_neighborhoods ,             0.5 ,Gc_train_2_Gs_infer ,False       ,True         ,   512 ,          2 ,          2 ,    100 ,    300 ,         2 ,0.001  ,      42.79388034057617    ,1.0
AIDS    ,variation_neighborhoods ,             0.5 ,Gc_train_2_Gs_infer ,False       ,True         ,   512 ,          2 ,          2 ,    100 ,    300 ,         2 ,0.01   ,     703.8949482421875     ,1.0
AIDS    ,variation_neighborhoods ,             0.5 ,Gc_train_2_Gs_infer ,False       ,True         ,   512 ,          2 ,          2 ,    100 ,    300 ,         2 ,0.1    ,    1660.9118203125        ,1.0
AIDS    ,variation_neighborhoods ,             0.5 ,Gc_train_2_Gs_infer ,False       ,True         ,   512 ,          2 ,          2 ,    100 ,    300 ,        16 ,0.001  ,       2.655549421903828   ,1.0
AIDS    ,variation_neighborhoods ,             0.5 ,Gc_train_2_Gs_infer ,False       ,True         ,   512 ,          2 ,          2 ,    100 ,    300 ,        16 ,0.01   ,      44.831567108631134   ,0.5
AIDS    ,variation_neighborhoods ,             0.5 ,Gc_train_2_Gs_infer ,False       ,True         ,   512 ,          2 ,          2 ,    100 ,    300 ,        16 ,0.1    ,      48.934253215789795   ,0.5
AIDS    ,variation_neighborhoods ,             0.5 ,Gc_train_2_Gs_infer ,False       ,True         ,   512 ,          2 ,          2 ,    100 ,    300 ,        32 ,0.001  ,       0.4534576293081045  ,0.8
AIDS    ,variation_neighborhoods ,             0.5 ,Gc_train_2_Gs_infer ,False       ,True         ,   512 ,          2 ,          2 ,    100 ,    300 ,        32 ,0.01   ,      13.343832850456238   ,0.45
AIDS    ,variation_neighborhoods ,             0.5 ,Gc_train_2_Gs_infer ,False       ,True         ,   512 ,          2 ,          2 ,    100 ,    300 ,        32 ,0.1    ,       6.210448920726776   ,0.7
AIDS    ,variation_neighborhoods ,             0.5 ,Gc_train_2_Gs_infer ,False       ,True         ,   512 ,          2 ,          2 ,    100 ,    300 ,       128 ,0.001  ,       0.48559025675058365 ,0.8362068965517241
AIDS    ,variation_neighborhoods ,             0.5 ,Gc_train_2_Gs_infer ,False       ,True         ,   512 ,          2 ,          2 ,    100 ,    300 ,       128 ,0.01   ,       0.6537597626447678  ,0.8103448275862069
AIDS    ,variation_neighborhoods ,             0.5 ,Gc_train_2_Gs_infer ,False       ,True         ,   512 ,          2 ,          2 ,    100 ,    300 ,       128 ,0.1    ,       4.339632749557495   ,0.75
AIDS    ,variation_neighborhoods ,             0.9 ,Gc_train_2_Gs_infer ,False       ,True         ,   512 ,          2 ,          2 ,    100 ,    300 ,         2 ,0.001  ,      12.723213943004609   ,0.0
AIDS    ,variation_neighborhoods ,             0.9 ,Gc_train_2_Gs_infer ,False       ,True         ,   512 ,          2 ,          2 ,    100 ,    300 ,         2 ,0.01   ,     234.5471025390625     ,1.0
AIDS    ,variation_neighborhoods ,             0.9 ,Gc_train_2_Gs_infer ,False       ,True         ,   512 ,          2 ,          2 ,    100 ,    300 ,         2 ,0.1    ,     218.84495642089843    ,0.5
AIDS    ,variation_neighborhoods ,             0.9 ,Gc_train_2_Gs_infer ,False       ,True         ,   512 ,          2 ,          2 ,    100 ,    300 ,        16 ,0.001  ,       0.5863999603316188  ,1.0
AIDS    ,variation_neighborhoods ,             0.9 ,Gc_train_2_Gs_infer ,False       ,True         ,   512 ,          2 ,          2 ,    100 ,    300 ,        16 ,0.01   ,      46.52637133002281    ,0.75
AIDS    ,variation_neighborhoods ,             0.9 ,Gc_train_2_Gs_infer ,False       ,True         ,   512 ,          2 ,          2 ,    100 ,    300 ,        16 ,0.1    ,     195.42120850086212    ,1.0
AIDS    ,variation_neighborhoods ,             0.9 ,Gc_train_2_Gs_infer ,False       ,True         ,   512 ,          2 ,          2 ,    100 ,    300 ,        32 ,0.001  ,       0.6363849062472582  ,0.85
AIDS    ,variation_neighborhoods ,             0.9 ,Gc_train_2_Gs_infer ,False       ,True         ,   512 ,          2 ,          2 ,    100 ,    300 ,        32 ,0.01   ,       5.153614401817322   ,0.8
AIDS    ,variation_neighborhoods ,             0.9 ,Gc_train_2_Gs_infer ,False       ,True         ,   512 ,          2 ,          2 ,    100 ,    300 ,        32 ,0.1    ,       0.5097528174519539  ,0.7
AIDS    ,variation_neighborhoods ,             0.9 ,Gc_train_2_Gs_infer ,False       ,True         ,   512 ,          2 ,          2 ,    100 ,    300 ,       128 ,0.001  ,       0.37175989151000977 ,0.8448275862068966
AIDS    ,variation_neighborhoods ,             0.9 ,Gc_train_2_Gs_infer ,False       ,True         ,   512 ,          2 ,          2 ,    100 ,    300 ,       128 ,0.01   ,       0.45027411729097366 ,0.8706896551724138
AIDS    ,variation_neighborhoods ,             0.9 ,Gc_train_2_Gs_infer ,False       ,True         ,   512 ,          2 ,          2 ,    100 ,    300 ,       128 ,0.1    ,      69.44779014587402    ,0.8620689655172413
AIDS    ,algebraic_JC            ,             0.1 ,Gc_train_2_Gs_infer ,False       ,True         ,   512 ,          2 ,          2 ,    100 ,    300 ,         2 ,0.001  ,       5.707586629867554   ,0.5
AIDS    ,algebraic_JC            ,             0.1 ,Gc_train_2_Gs_infer ,False       ,True         ,   512 ,          2 ,          2 ,    100 ,    300 ,         2 ,0.01   ,      93.17379870605468    ,1.0
AIDS    ,algebraic_JC            ,             0.1 ,Gc_train_2_Gs_infer ,False       ,True         ,   512 ,          2 ,          2 ,    100 ,    300 ,         2 ,0.1    ,     172.54535607910157    ,0.5
AIDS    ,algebraic_JC            ,             0.1 ,Gc_train_2_Gs_infer ,False       ,True         ,   512 ,          2 ,          2 ,    100 ,    300 ,        16 ,0.001  ,       1.26967623832752    ,0.75
AIDS    ,algebraic_JC            ,             0.1 ,Gc_train_2_Gs_infer ,False       ,True         ,   512 ,          2 ,          2 ,    100 ,    300 ,        16 ,0.01   ,       1.8952056159400854  ,0.75
AIDS    ,algebraic_JC            ,             0.1 ,Gc_train_2_Gs_infer ,False       ,True         ,   512 ,          2 ,          2 ,    100 ,    300 ,        16 ,0.1    ,       9.142433986067772   ,0.75
AIDS    ,algebraic_JC            ,             0.1 ,Gc_train_2_Gs_infer ,False       ,True         ,   512 ,          2 ,          2 ,    100 ,    300 ,        32 ,0.001  ,       2.806467678397894   ,0.75
AIDS    ,algebraic_JC            ,             0.1 ,Gc_train_2_Gs_infer ,False       ,True         ,   512 ,          2 ,          2 ,    100 ,    300 ,        32 ,0.01   ,       0.839829821139574   ,0.85
AIDS    ,algebraic_JC            ,             0.1 ,Gc_train_2_Gs_infer ,False       ,True         ,   512 ,          2 ,          2 ,    100 ,    300 ,        32 ,0.1    ,      13.524006962776184   ,0.7
AIDS    ,algebraic_JC            ,             0.1 ,Gc_train_2_Gs_infer ,False       ,True         ,   512 ,          2 ,          2 ,    100 ,    300 ,       128 ,0.001  ,       0.6298620402812958  ,0.8189655172413793
AIDS    ,algebraic_JC            ,             0.1 ,Gc_train_2_Gs_infer ,False       ,True         ,   512 ,          2 ,          2 ,    100 ,    300 ,       128 ,0.01   ,       3.380365490913391   ,0.7327586206896551
AIDS    ,algebraic_JC            ,             0.1 ,Gc_train_2_Gs_infer ,False       ,True         ,   512 ,          2 ,          2 ,    100 ,    300 ,       128 ,0.1    ,      24.01483154296875    ,0.8275862068965517
AIDS    ,algebraic_JC            ,             0.5 ,Gc_train_2_Gs_infer ,False       ,True         ,   512 ,          2 ,          2 ,    100 ,    300 ,         2 ,0.001  ,      24.853671630859374   ,0.5
AIDS    ,algebraic_JC            ,             0.5 ,Gc_train_2_Gs_infer ,False       ,True         ,   512 ,          2 ,          2 ,    100 ,    300 ,         2 ,0.01   ,     457.49183203125       ,1.0
AIDS    ,algebraic_JC            ,             0.5 ,Gc_train_2_Gs_infer ,False       ,True         ,   512 ,          2 ,          2 ,    100 ,    300 ,         2 ,0.1    ,    2968.9371796875        ,1.0
AIDS    ,algebraic_JC            ,             0.5 ,Gc_train_2_Gs_infer ,False       ,True         ,   512 ,          2 ,          2 ,    100 ,    300 ,        16 ,0.001  ,       1.0672031957838044  ,1.0
AIDS    ,algebraic_JC            ,             0.5 ,Gc_train_2_Gs_infer ,False       ,True         ,   512 ,          2 ,          2 ,    100 ,    300 ,        16 ,0.01   ,      59.9260938167572     ,1.0
AIDS    ,algebraic_JC            ,             0.5 ,Gc_train_2_Gs_infer ,False       ,True         ,   512 ,          2 ,          2 ,    100 ,    300 ,        16 ,0.1    ,      16.96913605928421    ,0.75
AIDS    ,algebraic_JC            ,             0.5 ,Gc_train_2_Gs_infer ,False       ,True         ,   512 ,          2 ,          2 ,    100 ,    300 ,        32 ,0.001  ,       0.5159383919090033  ,0.95
AIDS    ,algebraic_JC            ,             0.5 ,Gc_train_2_Gs_infer ,False       ,True         ,   512 ,          2 ,          2 ,    100 ,    300 ,        32 ,0.01   ,       4.404639109969139   ,0.3
AIDS    ,algebraic_JC            ,             0.5 ,Gc_train_2_Gs_infer ,False       ,True         ,   512 ,          2 ,          2 ,    100 ,    300 ,        32 ,0.1    ,      71.16173148155212    ,0.7
AIDS    ,algebraic_JC            ,             0.5 ,Gc_train_2_Gs_infer ,False       ,True         ,   512 ,          2 ,          2 ,    100 ,    300 ,       128 ,0.001  ,       0.4466743916273117  ,0.8448275862068966
AIDS    ,algebraic_JC            ,             0.5 ,Gc_train_2_Gs_infer ,False       ,True         ,   512 ,          2 ,          2 ,    100 ,    300 ,       128 ,0.01   ,       1.2642401456832886  ,0.5431034482758621
AIDS    ,algebraic_JC            ,             0.5 ,Gc_train_2_Gs_infer ,False       ,True         ,   512 ,          2 ,          2 ,    100 ,    300 ,       128 ,0.1    ,       0.5962518453598022  ,0.7931034482758621
AIDS    ,algebraic_JC            ,             0.9 ,Gc_train_2_Gs_infer ,False       ,True         ,   512 ,          2 ,          2 ,    100 ,    300 ,         2 ,0.001  ,      47.311263244628904   ,0.5
AIDS    ,algebraic_JC            ,             0.9 ,Gc_train_2_Gs_infer ,False       ,True         ,   512 ,          2 ,          2 ,    100 ,    300 ,         2 ,0.01   ,      87.16941162109374    ,1.0
AIDS    ,algebraic_JC            ,             0.9 ,Gc_train_2_Gs_infer ,False       ,True         ,   512 ,          2 ,          2 ,    100 ,    300 ,         2 ,0.1    ,     666.52275390625       ,1.0
AIDS    ,algebraic_JC            ,             0.9 ,Gc_train_2_Gs_infer ,False       ,True         ,   512 ,          2 ,          2 ,    100 ,    300 ,        16 ,0.001  ,       0.8019803730712738  ,0.75
AIDS    ,algebraic_JC            ,             0.9 ,Gc_train_2_Gs_infer ,False       ,True         ,   512 ,          2 ,          2 ,    100 ,    300 ,        16 ,0.01   ,      91.3024280667305     ,0.75
AIDS    ,algebraic_JC            ,             0.9 ,Gc_train_2_Gs_infer ,False       ,True         ,   512 ,          2 ,          2 ,    100 ,    300 ,        16 ,0.1    ,     407.60018730163574    ,1.0
AIDS    ,algebraic_JC            ,             0.9 ,Gc_train_2_Gs_infer ,False       ,True         ,   512 ,          2 ,          2 ,    100 ,    300 ,        32 ,0.001  ,       0.5020846119150519  ,0.9
AIDS    ,algebraic_JC            ,             0.9 ,Gc_train_2_Gs_infer ,False       ,True         ,   512 ,          2 ,          2 ,    100 ,    300 ,        32 ,0.01   ,       9.244975283741951   ,0.85
AIDS    ,algebraic_JC            ,             0.9 ,Gc_train_2_Gs_infer ,False       ,True         ,   512 ,          2 ,          2 ,    100 ,    300 ,        32 ,0.1    ,      97.63253545761108    ,0.8
AIDS    ,algebraic_JC            ,             0.9 ,Gc_train_2_Gs_infer ,False       ,True         ,   512 ,          2 ,          2 ,    100 ,    300 ,       128 ,0.001  ,       0.39050526916980743 ,0.8275862068965517
AIDS    ,algebraic_JC            ,             0.9 ,Gc_train_2_Gs_infer ,False       ,True         ,   512 ,          2 ,          2 ,    100 ,    300 ,       128 ,0.01   ,       0.5120545849204063  ,0.6810344827586207
AIDS    ,algebraic_JC            ,             0.9 ,Gc_train_2_Gs_infer ,False       ,True         ,   512 ,          2 ,          2 ,    100 ,    300 ,       128 ,0.1    ,      52.1431941986084     ,0.75
AIDS    ,affinity_GS             ,             0.1 ,Gc_train_2_Gs_infer ,False       ,True         ,   512 ,          2 ,          2 ,    100 ,    300 ,         2 ,0.001  ,       6.276252241229638   ,1.0
AIDS    ,affinity_GS             ,             0.1 ,Gc_train_2_Gs_infer ,False       ,True         ,   512 ,          2 ,          2 ,    100 ,    300 ,         2 ,0.01   ,     103.84133740234375    ,1.0
AIDS    ,affinity_GS             ,             0.1 ,Gc_train_2_Gs_infer ,False       ,True         ,   512 ,          2 ,          2 ,    100 ,    300 ,         2 ,0.1    ,     341.9824013671875     ,1.0
AIDS    ,affinity_GS             ,             0.1 ,Gc_train_2_Gs_infer ,False       ,True         ,   512 ,          2 ,          2 ,    100 ,    300 ,        16 ,0.001  ,       2.9639317598193884  ,0.5
AIDS    ,affinity_GS             ,             0.1 ,Gc_train_2_Gs_infer ,False       ,True         ,   512 ,          2 ,          2 ,    100 ,    300 ,        16 ,0.01   ,       0.7873053421499208  ,1.0
AIDS    ,affinity_GS             ,             0.1 ,Gc_train_2_Gs_infer ,False       ,True         ,   512 ,          2 ,          2 ,    100 ,    300 ,        16 ,0.1    ,      20.72357365489006    ,0.5
AIDS    ,affinity_GS             ,             0.1 ,Gc_train_2_Gs_infer ,False       ,True         ,   512 ,          2 ,          2 ,    100 ,    300 ,        32 ,0.001  ,       0.5219170460477471  ,0.75
AIDS    ,affinity_GS             ,             0.1 ,Gc_train_2_Gs_infer ,False       ,True         ,   512 ,          2 ,          2 ,    100 ,    300 ,        32 ,0.01   ,       1.2268087975680828  ,0.6
AIDS    ,affinity_GS             ,             0.1 ,Gc_train_2_Gs_infer ,False       ,True         ,   512 ,          2 ,          2 ,    100 ,    300 ,        32 ,0.1    ,      27.3351429104805     ,0.85
AIDS    ,affinity_GS             ,             0.1 ,Gc_train_2_Gs_infer ,False       ,True         ,   512 ,          2 ,          2 ,    100 ,    300 ,       128 ,0.001  ,       0.4905101805925369  ,0.8448275862068966
AIDS    ,affinity_GS             ,             0.1 ,Gc_train_2_Gs_infer ,False       ,True         ,   512 ,          2 ,          2 ,    100 ,    300 ,       128 ,0.01   ,       0.502569891512394   ,0.8362068965517241
AIDS    ,affinity_GS             ,             0.1 ,Gc_train_2_Gs_infer ,False       ,True         ,   512 ,          2 ,          2 ,    100 ,    300 ,       128 ,0.1    ,       3.4058895111083984  ,0.7586206896551724
AIDS    ,affinity_GS             ,             0.5 ,Gc_train_2_Gs_infer ,False       ,True         ,   512 ,          2 ,          2 ,    100 ,    300 ,         2 ,0.001  ,      41.278146514892576   ,1.0
AIDS    ,affinity_GS             ,             0.5 ,Gc_train_2_Gs_infer ,False       ,True         ,   512 ,          2 ,          2 ,    100 ,    300 ,         2 ,0.01   ,     512.95098828125       ,1.0
AIDS    ,affinity_GS             ,             0.5 ,Gc_train_2_Gs_infer ,False       ,True         ,   512 ,          2 ,          2 ,    100 ,    300 ,         2 ,0.1    , 8269765.114882813         ,1.0
AIDS    ,affinity_GS             ,             0.5 ,Gc_train_2_Gs_infer ,False       ,True         ,   512 ,          2 ,          2 ,    100 ,    300 ,        16 ,0.001  ,       3.3818488717079163  ,0.75
AIDS    ,affinity_GS             ,             0.5 ,Gc_train_2_Gs_infer ,False       ,True         ,   512 ,          2 ,          2 ,    100 ,    300 ,        16 ,0.01   ,      19.01817138493061    ,1.0
AIDS    ,affinity_GS             ,             0.5 ,Gc_train_2_Gs_infer ,False       ,True         ,   512 ,          2 ,          2 ,    100 ,    300 ,        16 ,0.1    ,       6.234385594725609   ,1.0
AIDS    ,affinity_GS             ,             0.5 ,Gc_train_2_Gs_infer ,False       ,True         ,   512 ,          2 ,          2 ,    100 ,    300 ,        32 ,0.001  ,       0.557345780543983   ,0.85
AIDS    ,affinity_GS             ,             0.5 ,Gc_train_2_Gs_infer ,False       ,True         ,   512 ,          2 ,          2 ,    100 ,    300 ,        32 ,0.01   ,      10.21635428071022    ,0.25
AIDS    ,affinity_GS             ,             0.5 ,Gc_train_2_Gs_infer ,False       ,True         ,   512 ,          2 ,          2 ,    100 ,    300 ,        32 ,0.1    ,      11.116737186908722   ,0.75
AIDS    ,affinity_GS             ,             0.5 ,Gc_train_2_Gs_infer ,False       ,True         ,   512 ,          2 ,          2 ,    100 ,    300 ,       128 ,0.001  ,       0.4394398629665375  ,0.8275862068965517
AIDS    ,affinity_GS             ,             0.5 ,Gc_train_2_Gs_infer ,False       ,True         ,   512 ,          2 ,          2 ,    100 ,    300 ,       128 ,0.01   ,       0.9199233204126358  ,0.6206896551724138
AIDS    ,affinity_GS             ,             0.5 ,Gc_train_2_Gs_infer ,False       ,True         ,   512 ,          2 ,          2 ,    100 ,    300 ,       128 ,0.1    ,       0.8420330286026001  ,0.8017241379310345
AIDS    ,affinity_GS             ,             0.9 ,Gc_train_2_Gs_infer ,False       ,True         ,   512 ,          2 ,          2 ,    100 ,    300 ,         2 ,0.001  ,      17.054198333740235   ,0.5
AIDS    ,affinity_GS             ,             0.9 ,Gc_train_2_Gs_infer ,False       ,True         ,   512 ,          2 ,          2 ,    100 ,    300 ,         2 ,0.01   ,     421.4516484375        ,1.0
AIDS    ,affinity_GS             ,             0.9 ,Gc_train_2_Gs_infer ,False       ,True         ,   512 ,          2 ,          2 ,    100 ,    300 ,         2 ,0.1    ,     724.9005791015625     ,1.0
AIDS    ,affinity_GS             ,             0.9 ,Gc_train_2_Gs_infer ,False       ,True         ,   512 ,          2 ,          2 ,    100 ,    300 ,        16 ,0.001  ,       0.4941122296731919  ,1.0
AIDS    ,affinity_GS             ,             0.9 ,Gc_train_2_Gs_infer ,False       ,True         ,   512 ,          2 ,          2 ,    100 ,    300 ,        16 ,0.01   ,      25.587223440408707   ,0.75
AIDS    ,affinity_GS             ,             0.9 ,Gc_train_2_Gs_infer ,False       ,True         ,   512 ,          2 ,          2 ,    100 ,    300 ,        16 ,0.1    ,      20.949138522148132   ,0.75
AIDS    ,affinity_GS             ,             0.9 ,Gc_train_2_Gs_infer ,False       ,True         ,   512 ,          2 ,          2 ,    100 ,    300 ,        32 ,0.001  ,       0.535580039024353   ,0.9
AIDS    ,affinity_GS             ,             0.9 ,Gc_train_2_Gs_infer ,False       ,True         ,   512 ,          2 ,          2 ,    100 ,    300 ,        32 ,0.01   ,       6.269595190882683   ,0.8
AIDS    ,affinity_GS             ,             0.9 ,Gc_train_2_Gs_infer ,False       ,True         ,   512 ,          2 ,          2 ,    100 ,    300 ,        32 ,0.1    ,      14.41607317328453    ,0.85
AIDS    ,affinity_GS             ,             0.9 ,Gc_train_2_Gs_infer ,False       ,True         ,   512 ,          2 ,          2 ,    100 ,    300 ,       128 ,0.001  ,       0.34099721163511276 ,0.896551724137931
AIDS    ,affinity_GS             ,             0.9 ,Gc_train_2_Gs_infer ,False       ,True         ,   512 ,          2 ,          2 ,    100 ,    300 ,       128 ,0.01   ,       0.743771031498909   ,0.7758620689655172
AIDS    ,affinity_GS             ,             0.9 ,Gc_train_2_Gs_infer ,False       ,True         ,   512 ,          2 ,          2 ,    100 ,    300 ,       128 ,0.1    ,      57.90942192077637    ,0.8189655172413793
AIDS    ,kron                    ,             0.1 ,Gc_train_2_Gs_infer ,False       ,True         ,   512 ,          2 ,          2 ,    100 ,    300 ,         2 ,0.001  ,      15.857277843028307   ,0.5
AIDS    ,kron                    ,             0.1 ,Gc_train_2_Gs_infer ,False       ,True         ,   512 ,          2 ,          2 ,    100 ,    300 ,         2 ,0.01   ,     103.12587487792969    ,0.5
AIDS    ,kron                    ,             0.1 ,Gc_train_2_Gs_infer ,False       ,True         ,   512 ,          2 ,          2 ,    100 ,    300 ,         2 ,0.1    ,    1071.68295703125       ,1.0
AIDS    ,kron                    ,             0.1 ,Gc_train_2_Gs_infer ,False       ,True         ,   512 ,          2 ,          2 ,    100 ,    300 ,        16 ,0.001  ,       0.6313113970682025  ,0.75
AIDS    ,kron                    ,             0.1 ,Gc_train_2_Gs_infer ,False       ,True         ,   512 ,          2 ,          2 ,    100 ,    300 ,        16 ,0.01   ,      33.17289662361145    ,0.75
AIDS    ,kron                    ,             0.1 ,Gc_train_2_Gs_infer ,False       ,True         ,   512 ,          2 ,          2 ,    100 ,    300 ,        16 ,0.1    ,      87.52549743652344    ,1.0
AIDS    ,kron                    ,             0.1 ,Gc_train_2_Gs_infer ,False       ,True         ,   512 ,          2 ,          2 ,    100 ,    300 ,        32 ,0.001  ,       0.5255223866552114  ,0.75
AIDS    ,kron                    ,             0.1 ,Gc_train_2_Gs_infer ,False       ,True         ,   512 ,          2 ,          2 ,    100 ,    300 ,        32 ,0.01   ,       7.047278329730034   ,0.8
AIDS    ,kron                    ,             0.1 ,Gc_train_2_Gs_infer ,False       ,True         ,   512 ,          2 ,          2 ,    100 ,    300 ,        32 ,0.1    ,       8.66552922129631    ,0.9
AIDS    ,kron                    ,             0.1 ,Gc_train_2_Gs_infer ,False       ,True         ,   512 ,          2 ,          2 ,    100 ,    300 ,       128 ,0.001  ,       0.5089406967163086  ,0.7586206896551724
AIDS    ,kron                    ,             0.1 ,Gc_train_2_Gs_infer ,False       ,True         ,   512 ,          2 ,          2 ,    100 ,    300 ,       128 ,0.01   ,       0.5211224257946014  ,0.75
AIDS    ,kron                    ,             0.1 ,Gc_train_2_Gs_infer ,False       ,True         ,   512 ,          2 ,          2 ,    100 ,    300 ,       128 ,0.1    ,       6.5059521198272705  ,0.20689655172413793
AIDS    ,kron                    ,             0.5 ,Gc_train_2_Gs_infer ,False       ,True         ,   512 ,          2 ,          2 ,    100 ,    300 ,         2 ,0.001  ,      56.42765969848633    ,0.5
AIDS    ,kron                    ,             0.5 ,Gc_train_2_Gs_infer ,False       ,True         ,   512 ,          2 ,          2 ,    100 ,    300 ,         2 ,0.01   ,     301.1157548828125     ,1.0
AIDS    ,kron                    ,             0.5 ,Gc_train_2_Gs_infer ,False       ,True         ,   512 ,          2 ,          2 ,    100 ,    300 ,         2 ,0.1    ,     127.27615869140625    ,1.0
AIDS    ,kron                    ,             0.5 ,Gc_train_2_Gs_infer ,False       ,True         ,   512 ,          2 ,          2 ,    100 ,    300 ,        16 ,0.001  ,       1.1014137780293822  ,0.5
AIDS    ,kron                    ,             0.5 ,Gc_train_2_Gs_infer ,False       ,True         ,   512 ,          2 ,          2 ,    100 ,    300 ,        16 ,0.01   ,      57.30399966239929    ,1.0
AIDS    ,kron                    ,             0.5 ,Gc_train_2_Gs_infer ,False       ,True         ,   512 ,          2 ,          2 ,    100 ,    300 ,        16 ,0.1    ,     760.0907020568848     ,0.5
AIDS    ,kron                    ,             0.5 ,Gc_train_2_Gs_infer ,False       ,True         ,   512 ,          2 ,          2 ,    100 ,    300 ,        32 ,0.001  ,       0.4616896025836468  ,0.9
AIDS    ,kron                    ,             0.5 ,Gc_train_2_Gs_infer ,False       ,True         ,   512 ,          2 ,          2 ,    100 ,    300 ,        32 ,0.01   ,      23.69659423828125    ,0.9
AIDS    ,kron                    ,             0.5 ,Gc_train_2_Gs_infer ,False       ,True         ,   512 ,          2 ,          2 ,    100 ,    300 ,        32 ,0.1    ,     106.86140418052673    ,0.9
AIDS    ,kron                    ,             0.5 ,Gc_train_2_Gs_infer ,False       ,True         ,   512 ,          2 ,          2 ,    100 ,    300 ,       128 ,0.001  ,       0.4736136123538017  ,0.8103448275862069
AIDS    ,kron                    ,             0.5 ,Gc_train_2_Gs_infer ,False       ,True         ,   512 ,          2 ,          2 ,    100 ,    300 ,       128 ,0.01   ,       0.7973377108573914  ,0.8103448275862069
AIDS    ,kron                    ,             0.5 ,Gc_train_2_Gs_infer ,False       ,True         ,   512 ,          2 ,          2 ,    100 ,    300 ,       128 ,0.1    ,     103.9528751373291     ,0.8275862068965517
AIDS    ,kron                    ,             0.9 ,Gc_train_2_Gs_infer ,False       ,True         ,   512 ,          2 ,          2 ,    100 ,    300 ,         2 ,0.001  ,      16.685479248046875   ,1.0
AIDS    ,kron                    ,             0.9 ,Gc_train_2_Gs_infer ,False       ,True         ,   512 ,          2 ,          2 ,    100 ,    300 ,         2 ,0.01   ,     242.836423828125      ,1.0
AIDS    ,kron                    ,             0.9 ,Gc_train_2_Gs_infer ,False       ,True         ,   512 ,          2 ,          2 ,    100 ,    300 ,         2 ,0.1    ,    1986.085109375         ,1.0
AIDS    ,kron                    ,             0.9 ,Gc_train_2_Gs_infer ,False       ,True         ,   512 ,          2 ,          2 ,    100 ,    300 ,        16 ,0.001  ,       0.4399568180087954  ,0.75
AIDS    ,kron                    ,             0.9 ,Gc_train_2_Gs_infer ,False       ,True         ,   512 ,          2 ,          2 ,    100 ,    300 ,        16 ,0.01   ,      80.49333041906357    ,0.5
AIDS    ,kron                    ,             0.9 ,Gc_train_2_Gs_infer ,False       ,True         ,   512 ,          2 ,          2 ,    100 ,    300 ,        16 ,0.1    ,      14.10653156042099    ,1.0
AIDS    ,kron                    ,             0.9 ,Gc_train_2_Gs_infer ,False       ,True         ,   512 ,          2 ,          2 ,    100 ,    300 ,        32 ,0.001  ,       0.49066924303770065 ,0.8
AIDS    ,kron                    ,             0.9 ,Gc_train_2_Gs_infer ,False       ,True         ,   512 ,          2 ,          2 ,    100 ,    300 ,        32 ,0.01   ,       7.152155730873346   ,0.75
AIDS    ,kron                    ,             0.9 ,Gc_train_2_Gs_infer ,False       ,True         ,   512 ,          2 ,          2 ,    100 ,    300 ,        32 ,0.1    ,       3.8859845250844955  ,0.95
AIDS    ,kron                    ,             0.9 ,Gc_train_2_Gs_infer ,False       ,True         ,   512 ,          2 ,          2 ,    100 ,    300 ,       128 ,0.001  ,       0.44001663476228714 ,0.8017241379310345
AIDS    ,kron                    ,             0.9 ,Gc_train_2_Gs_infer ,False       ,True         ,   512 ,          2 ,          2 ,    100 ,    300 ,       128 ,0.01   ,       0.5732822269201279  ,0.8275862068965517
AIDS    ,kron                    ,             0.9 ,Gc_train_2_Gs_infer ,False       ,True         ,   512 ,          2 ,          2 ,    100 ,    300 ,       128 ,0.1    ,       1.170151337981224   ,0.7672413793103449
AIDS    ,variation_neighborhoods ,             0.1 ,Gc_train_2_Gs_infer ,False       ,False        ,   512 ,          2 ,          2 ,    100 ,    300 ,         2 ,0.001  ,       2.1145237208921808  ,0.5
AIDS    ,variation_neighborhoods ,             0.1 ,Gc_train_2_Gs_infer ,False       ,False        ,   512 ,          2 ,          2 ,    100 ,    300 ,         2 ,0.01   ,      91.94145239257813    ,0.5
AIDS    ,variation_neighborhoods ,             0.1 ,Gc_train_2_Gs_infer ,False       ,False        ,   512 ,          2 ,          2 ,    100 ,    300 ,         2 ,0.1    ,    6756.905822021485      ,1.0
AIDS    ,variation_neighborhoods ,             0.1 ,Gc_train_2_Gs_infer ,False       ,False        ,   512 ,          2 ,          2 ,    100 ,    300 ,        16 ,0.001  ,       1.1068230932578444  ,0.75
AIDS    ,variation_neighborhoods ,             0.1 ,Gc_train_2_Gs_infer ,False       ,False        ,   512 ,          2 ,          2 ,    100 ,    300 ,        16 ,0.01   ,       4.02636931091547    ,0.75
AIDS    ,variation_neighborhoods ,             0.1 ,Gc_train_2_Gs_infer ,False       ,False        ,   512 ,          2 ,          2 ,    100 ,    300 ,        16 ,0.1    ,      25.407683163881302   ,1.0
AIDS    ,variation_neighborhoods ,             0.1 ,Gc_train_2_Gs_infer ,False       ,False        ,   512 ,          2 ,          2 ,    100 ,    300 ,        32 ,0.001  ,       3.430587336421013   ,0.75
AIDS    ,variation_neighborhoods ,             0.1 ,Gc_train_2_Gs_infer ,False       ,False        ,   512 ,          2 ,          2 ,    100 ,    300 ,        32 ,0.01   ,       0.650703139603138   ,0.85
AIDS    ,variation_neighborhoods ,             0.1 ,Gc_train_2_Gs_infer ,False       ,False        ,   512 ,          2 ,          2 ,    100 ,    300 ,        32 ,0.1    ,      21.01093065738678    ,0.8
AIDS    ,variation_neighborhoods ,             0.1 ,Gc_train_2_Gs_infer ,False       ,False        ,   512 ,          2 ,          2 ,    100 ,    300 ,       128 ,0.001  ,       1.0602620840072632  ,0.8362068965517241
AIDS    ,variation_neighborhoods ,             0.1 ,Gc_train_2_Gs_infer ,False       ,False        ,   512 ,          2 ,          2 ,    100 ,    300 ,       128 ,0.01   ,       2.7077435851097107  ,0.8103448275862069
AIDS    ,variation_neighborhoods ,             0.1 ,Gc_train_2_Gs_infer ,False       ,False        ,   512 ,          2 ,          2 ,    100 ,    300 ,       128 ,0.1    ,      13.553902760148048   ,0.8189655172413793
AIDS    ,variation_neighborhoods ,             0.5 ,Gc_train_2_Gs_infer ,False       ,False        ,   512 ,          2 ,          2 ,    100 ,    300 ,         2 ,0.001  ,      20.163756187438963   ,0.5
AIDS    ,variation_neighborhoods ,             0.5 ,Gc_train_2_Gs_infer ,False       ,False        ,   512 ,          2 ,          2 ,    100 ,    300 ,         2 ,0.01   ,     666.3422138671875     ,1.0
AIDS    ,variation_neighborhoods ,             0.5 ,Gc_train_2_Gs_infer ,False       ,False        ,   512 ,          2 ,          2 ,    100 ,    300 ,         2 ,0.1    ,     638.1087249755859     ,1.0
AIDS    ,variation_neighborhoods ,             0.5 ,Gc_train_2_Gs_infer ,False       ,False        ,   512 ,          2 ,          2 ,    100 ,    300 ,        16 ,0.001  ,       1.5786545067676343  ,0.75
AIDS    ,variation_neighborhoods ,             0.5 ,Gc_train_2_Gs_infer ,False       ,False        ,   512 ,          2 ,          2 ,    100 ,    300 ,        16 ,0.01   ,      30.035742670297623   ,1.0
AIDS    ,variation_neighborhoods ,             0.5 ,Gc_train_2_Gs_infer ,False       ,False        ,   512 ,          2 ,          2 ,    100 ,    300 ,        16 ,0.1    ,       7.437487721443176   ,0.75
AIDS    ,variation_neighborhoods ,             0.5 ,Gc_train_2_Gs_infer ,False       ,False        ,   512 ,          2 ,          2 ,    100 ,    300 ,        32 ,0.001  ,       0.4636968206614256  ,0.8
AIDS    ,variation_neighborhoods ,             0.5 ,Gc_train_2_Gs_infer ,False       ,False        ,   512 ,          2 ,          2 ,    100 ,    300 ,        32 ,0.01   ,      10.952327936887741   ,0.65
AIDS    ,variation_neighborhoods ,             0.5 ,Gc_train_2_Gs_infer ,False       ,False        ,   512 ,          2 ,          2 ,    100 ,    300 ,        32 ,0.1    ,     436.0027275085449     ,0.85
AIDS    ,variation_neighborhoods ,             0.5 ,Gc_train_2_Gs_infer ,False       ,False        ,   512 ,          2 ,          2 ,    100 ,    300 ,       128 ,0.001  ,       0.7665839642286301  ,0.49137931034482757
AIDS    ,variation_neighborhoods ,             0.5 ,Gc_train_2_Gs_infer ,False       ,False        ,   512 ,          2 ,          2 ,    100 ,    300 ,       128 ,0.01   ,       3.2714326977729797  ,0.23275862068965517
AIDS    ,variation_neighborhoods ,             0.5 ,Gc_train_2_Gs_infer ,False       ,False        ,   512 ,          2 ,          2 ,    100 ,    300 ,       128 ,0.1    ,     184.62200164794922    ,0.5086206896551724
AIDS    ,variation_neighborhoods ,             0.9 ,Gc_train_2_Gs_infer ,False       ,False        ,   512 ,          2 ,          2 ,    100 ,    300 ,         2 ,0.001  ,      24.0696484375        ,0.5
AIDS    ,variation_neighborhoods ,             0.9 ,Gc_train_2_Gs_infer ,False       ,False        ,   512 ,          2 ,          2 ,    100 ,    300 ,         2 ,0.01   ,     811.2043505859375     ,0.5
AIDS    ,variation_neighborhoods ,             0.9 ,Gc_train_2_Gs_infer ,False       ,False        ,   512 ,          2 ,          2 ,    100 ,    300 ,         2 ,0.1    ,      28.065666595458985   ,0.5
AIDS    ,variation_neighborhoods ,             0.9 ,Gc_train_2_Gs_infer ,False       ,False        ,   512 ,          2 ,          2 ,    100 ,    300 ,        16 ,0.001  ,       0.4385021673515439  ,1.0
AIDS    ,variation_neighborhoods ,             0.9 ,Gc_train_2_Gs_infer ,False       ,False        ,   512 ,          2 ,          2 ,    100 ,    300 ,        16 ,0.01   ,      47.39450240135193    ,1.0
AIDS    ,variation_neighborhoods ,             0.9 ,Gc_train_2_Gs_infer ,False       ,False        ,   512 ,          2 ,          2 ,    100 ,    300 ,        16 ,0.1    ,      22.85006794333458    ,0.75
AIDS    ,variation_neighborhoods ,             0.9 ,Gc_train_2_Gs_infer ,False       ,False        ,   512 ,          2 ,          2 ,    100 ,    300 ,        32 ,0.001  ,       0.6730754803866148  ,0.8
AIDS    ,variation_neighborhoods ,             0.9 ,Gc_train_2_Gs_infer ,False       ,False        ,   512 ,          2 ,          2 ,    100 ,    300 ,        32 ,0.01   ,      42.9761283993721     ,0.9
AIDS    ,variation_neighborhoods ,             0.9 ,Gc_train_2_Gs_infer ,False       ,False        ,   512 ,          2 ,          2 ,    100 ,    300 ,        32 ,0.1    ,      16.55090630054474    ,0.75
AIDS    ,variation_neighborhoods ,             0.9 ,Gc_train_2_Gs_infer ,False       ,False        ,   512 ,          2 ,          2 ,    100 ,    300 ,       128 ,0.001  ,       0.9990209341049194  ,0.5689655172413793
AIDS    ,variation_neighborhoods ,             0.9 ,Gc_train_2_Gs_infer ,False       ,False        ,   512 ,          2 ,          2 ,    100 ,    300 ,       128 ,0.01   ,       0.8890795260667801  ,0.853448275862069
AIDS    ,variation_neighborhoods ,             0.9 ,Gc_train_2_Gs_infer ,False       ,False        ,   512 ,          2 ,          2 ,    100 ,    300 ,       128 ,0.1    ,      80.63873291015625    ,0.8103448275862069
AIDS    ,algebraic_JC            ,             0.1 ,Gc_train_2_Gs_infer ,False       ,False        ,   512 ,          2 ,          2 ,    100 ,    300 ,         2 ,0.001  ,      18.64019711231386    ,0.5
AIDS    ,algebraic_JC            ,             0.1 ,Gc_train_2_Gs_infer ,False       ,False        ,   512 ,          2 ,          2 ,    100 ,    300 ,         2 ,0.01   ,      73.12616815185547    ,1.0
AIDS    ,algebraic_JC            ,             0.1 ,Gc_train_2_Gs_infer ,False       ,False        ,   512 ,          2 ,          2 ,    100 ,    300 ,         2 ,0.1    ,     199.35606201171876    ,0.5
AIDS    ,algebraic_JC            ,             0.1 ,Gc_train_2_Gs_infer ,False       ,False        ,   512 ,          2 ,          2 ,    100 ,    300 ,        16 ,0.001  ,       0.4835445105563849  ,0.75
AIDS    ,algebraic_JC            ,             0.1 ,Gc_train_2_Gs_infer ,False       ,False        ,   512 ,          2 ,          2 ,    100 ,    300 ,        16 ,0.01   ,       2.635963208971404   ,0.75
AIDS    ,algebraic_JC            ,             0.1 ,Gc_train_2_Gs_infer ,False       ,False        ,   512 ,          2 ,          2 ,    100 ,    300 ,        16 ,0.1    ,      10.315548866987228   ,0.75
AIDS    ,algebraic_JC            ,             0.1 ,Gc_train_2_Gs_infer ,False       ,False        ,   512 ,          2 ,          2 ,    100 ,    300 ,        32 ,0.001  ,       1.227334637194872   ,0.75
AIDS    ,algebraic_JC            ,             0.1 ,Gc_train_2_Gs_infer ,False       ,False        ,   512 ,          2 ,          2 ,    100 ,    300 ,        32 ,0.01   ,      28.568095803260803   ,0.7
AIDS    ,algebraic_JC            ,             0.1 ,Gc_train_2_Gs_infer ,False       ,False        ,   512 ,          2 ,          2 ,    100 ,    300 ,        32 ,0.1    ,      14.161297142505646   ,0.95
AIDS    ,algebraic_JC            ,             0.1 ,Gc_train_2_Gs_infer ,False       ,False        ,   512 ,          2 ,          2 ,    100 ,    300 ,       128 ,0.001  ,       0.5454266518354416  ,0.7155172413793104
AIDS    ,algebraic_JC            ,             0.1 ,Gc_train_2_Gs_infer ,False       ,False        ,   512 ,          2 ,          2 ,    100 ,    300 ,       128 ,0.01   ,       1.9338720738887787  ,0.7586206896551724
AIDS    ,algebraic_JC            ,             0.1 ,Gc_train_2_Gs_infer ,False       ,False        ,   512 ,          2 ,          2 ,    100 ,    300 ,       128 ,0.1    ,       8.758711457252502   ,0.8362068965517241
AIDS    ,algebraic_JC            ,             0.5 ,Gc_train_2_Gs_infer ,False       ,False        ,   512 ,          2 ,          2 ,    100 ,    300 ,         2 ,0.001  ,      25.133815368652343   ,1.0
AIDS    ,algebraic_JC            ,             0.5 ,Gc_train_2_Gs_infer ,False       ,False        ,   512 ,          2 ,          2 ,    100 ,    300 ,         2 ,0.01   ,     868.2475087890625     ,1.0
AIDS    ,algebraic_JC            ,             0.5 ,Gc_train_2_Gs_infer ,False       ,False        ,   512 ,          2 ,          2 ,    100 ,    300 ,         2 ,0.1    ,20908667.716865234         ,1.0
AIDS    ,algebraic_JC            ,             0.5 ,Gc_train_2_Gs_infer ,False       ,False        ,   512 ,          2 ,          2 ,    100 ,    300 ,        16 ,0.001  ,       1.6259245242918041  ,0.5
AIDS    ,algebraic_JC            ,             0.5 ,Gc_train_2_Gs_infer ,False       ,False        ,   512 ,          2 ,          2 ,    100 ,    300 ,        16 ,0.01   ,      94.61616575717926    ,0.5
AIDS    ,algebraic_JC            ,             0.5 ,Gc_train_2_Gs_infer ,False       ,False        ,   512 ,          2 ,          2 ,    100 ,    300 ,        16 ,0.1    ,      29.43863508105278    ,0.5
AIDS    ,algebraic_JC            ,             0.5 ,Gc_train_2_Gs_infer ,False       ,False        ,   512 ,          2 ,          2 ,    100 ,    300 ,        32 ,0.001  ,       0.6178612038493156  ,0.55
AIDS    ,algebraic_JC            ,             0.5 ,Gc_train_2_Gs_infer ,False       ,False        ,   512 ,          2 ,          2 ,    100 ,    300 ,        32 ,0.01   ,      27.089112281799316   ,0.5
AIDS    ,algebraic_JC            ,             0.5 ,Gc_train_2_Gs_infer ,False       ,False        ,   512 ,          2 ,          2 ,    100 ,    300 ,        32 ,0.1    ,      21.99168912693858    ,0.9
AIDS    ,algebraic_JC            ,             0.5 ,Gc_train_2_Gs_infer ,False       ,False        ,   512 ,          2 ,          2 ,    100 ,    300 ,       128 ,0.001  ,       0.4941396042704582  ,0.8103448275862069
AIDS    ,algebraic_JC            ,             0.5 ,Gc_train_2_Gs_infer ,False       ,False        ,   512 ,          2 ,          2 ,    100 ,    300 ,       128 ,0.01   ,       0.9952342510223389  ,0.8448275862068966
AIDS    ,algebraic_JC            ,             0.5 ,Gc_train_2_Gs_infer ,False       ,False        ,   512 ,          2 ,          2 ,    100 ,    300 ,       128 ,0.1    ,       1.1278758943080902  ,0.1896551724137931
AIDS    ,algebraic_JC            ,             0.9 ,Gc_train_2_Gs_infer ,False       ,False        ,   512 ,          2 ,          2 ,    100 ,    300 ,         2 ,0.001  ,      55.163837707519534   ,1.0
AIDS    ,algebraic_JC            ,             0.9 ,Gc_train_2_Gs_infer ,False       ,False        ,   512 ,          2 ,          2 ,    100 ,    300 ,         2 ,0.01   ,    1663.3556728515625     ,1.0
AIDS    ,algebraic_JC            ,             0.9 ,Gc_train_2_Gs_infer ,False       ,False        ,   512 ,          2 ,          2 ,    100 ,    300 ,         2 ,0.1    ,    1655.1013515625        ,0.5
AIDS    ,algebraic_JC            ,             0.9 ,Gc_train_2_Gs_infer ,False       ,False        ,   512 ,          2 ,          2 ,    100 ,    300 ,        16 ,0.001  ,       0.5945787719683722  ,0.75
AIDS    ,algebraic_JC            ,             0.9 ,Gc_train_2_Gs_infer ,False       ,False        ,   512 ,          2 ,          2 ,    100 ,    300 ,        16 ,0.01   ,      64.10942880809307    ,1.0
AIDS    ,algebraic_JC            ,             0.9 ,Gc_train_2_Gs_infer ,False       ,False        ,   512 ,          2 ,          2 ,    100 ,    300 ,        16 ,0.1    ,     539.2925786972046     ,1.0
AIDS    ,algebraic_JC            ,             0.9 ,Gc_train_2_Gs_infer ,False       ,False        ,   512 ,          2 ,          2 ,    100 ,    300 ,        32 ,0.001  ,       0.45565976575016975 ,0.9
AIDS    ,algebraic_JC            ,             0.9 ,Gc_train_2_Gs_infer ,False       ,False        ,   512 ,          2 ,          2 ,    100 ,    300 ,        32 ,0.01   ,      19.422582775354385   ,0.85
AIDS    ,algebraic_JC            ,             0.9 ,Gc_train_2_Gs_infer ,False       ,False        ,   512 ,          2 ,          2 ,    100 ,    300 ,        32 ,0.1    ,     476.5456323623657     ,0.8
AIDS    ,algebraic_JC            ,             0.9 ,Gc_train_2_Gs_infer ,False       ,False        ,   512 ,          2 ,          2 ,    100 ,    300 ,       128 ,0.001  ,       1.014705240726471   ,0.6120689655172413
AIDS    ,algebraic_JC            ,             0.9 ,Gc_train_2_Gs_infer ,False       ,False        ,   512 ,          2 ,          2 ,    100 ,    300 ,       128 ,0.01   ,       0.6839621067047119  ,0.7413793103448276
AIDS    ,algebraic_JC            ,             0.9 ,Gc_train_2_Gs_infer ,False       ,False        ,   512 ,          2 ,          2 ,    100 ,    300 ,       128 ,0.1    ,       1.275081604719162   ,0.20689655172413793
AIDS    ,affinity_GS             ,             0.1 ,Gc_train_2_Gs_infer ,False       ,False        ,   512 ,          2 ,          2 ,    100 ,    300 ,         2 ,0.001  ,      11.585926071166993   ,1.0
AIDS    ,affinity_GS             ,             0.1 ,Gc_train_2_Gs_infer ,False       ,False        ,   512 ,          2 ,          2 ,    100 ,    300 ,         2 ,0.01   ,      41.8535595703125     ,0.5
AIDS    ,affinity_GS             ,             0.1 ,Gc_train_2_Gs_infer ,False       ,False        ,   512 ,          2 ,          2 ,    100 ,    300 ,         2 ,0.1    ,     640.7538515625        ,1.0
AIDS    ,affinity_GS             ,             0.1 ,Gc_train_2_Gs_infer ,False       ,False        ,   512 ,          2 ,          2 ,    100 ,    300 ,        16 ,0.001  ,       1.521042026590294   ,1.0
AIDS    ,affinity_GS             ,             0.1 ,Gc_train_2_Gs_infer ,False       ,False        ,   512 ,          2 ,          2 ,    100 ,    300 ,        16 ,0.01   ,      63.384041249752045   ,1.0
AIDS    ,affinity_GS             ,             0.1 ,Gc_train_2_Gs_infer ,False       ,False        ,   512 ,          2 ,          2 ,    100 ,    300 ,        16 ,0.1    ,      36.78693526983261    ,1.0
AIDS    ,affinity_GS             ,             0.1 ,Gc_train_2_Gs_infer ,False       ,False        ,   512 ,          2 ,          2 ,    100 ,    300 ,        32 ,0.001  ,       0.8705107867717743  ,0.7
AIDS    ,affinity_GS             ,             0.1 ,Gc_train_2_Gs_infer ,False       ,False        ,   512 ,          2 ,          2 ,    100 ,    300 ,        32 ,0.01   ,       9.909359395503998   ,1.0
AIDS    ,affinity_GS             ,             0.1 ,Gc_train_2_Gs_infer ,False       ,False        ,   512 ,          2 ,          2 ,    100 ,    300 ,        32 ,0.1    ,       8.816932499408722   ,0.8
AIDS    ,affinity_GS             ,             0.1 ,Gc_train_2_Gs_infer ,False       ,False        ,   512 ,          2 ,          2 ,    100 ,    300 ,       128 ,0.001  ,       0.5147825106978416  ,0.7931034482758621
AIDS    ,affinity_GS             ,             0.1 ,Gc_train_2_Gs_infer ,False       ,False        ,   512 ,          2 ,          2 ,    100 ,    300 ,       128 ,0.01   ,       4.929873824119568   ,0.7758620689655172
AIDS    ,affinity_GS             ,             0.1 ,Gc_train_2_Gs_infer ,False       ,False        ,   512 ,          2 ,          2 ,    100 ,    300 ,       128 ,0.1    ,      10.673999786376953   ,0.7844827586206896
AIDS    ,affinity_GS             ,             0.5 ,Gc_train_2_Gs_infer ,False       ,False        ,   512 ,          2 ,          2 ,    100 ,    300 ,         2 ,0.001  ,      59.586833740234376   ,0.5
AIDS    ,affinity_GS             ,             0.5 ,Gc_train_2_Gs_infer ,False       ,False        ,   512 ,          2 ,          2 ,    100 ,    300 ,         2 ,0.01   ,     448.2687890625        ,1.0
AIDS    ,affinity_GS             ,             0.5 ,Gc_train_2_Gs_infer ,False       ,False        ,   512 ,          2 ,          2 ,    100 ,    300 ,         2 ,0.1    ,    3725.5192578125        ,0.0
AIDS    ,affinity_GS             ,             0.5 ,Gc_train_2_Gs_infer ,False       ,False        ,   512 ,          2 ,          2 ,    100 ,    300 ,        16 ,0.001  ,       1.3919070365955122  ,0.75
AIDS    ,affinity_GS             ,             0.5 ,Gc_train_2_Gs_infer ,False       ,False        ,   512 ,          2 ,          2 ,    100 ,    300 ,        16 ,0.01   ,      49.71931716799736    ,0.75
AIDS    ,affinity_GS             ,             0.5 ,Gc_train_2_Gs_infer ,False       ,False        ,   512 ,          2 ,          2 ,    100 ,    300 ,        16 ,0.1    ,      29.42113646864891    ,0.75
AIDS    ,affinity_GS             ,             0.5 ,Gc_train_2_Gs_infer ,False       ,False        ,   512 ,          2 ,          2 ,    100 ,    300 ,        32 ,0.001  ,       0.3843506798148155  ,0.9
AIDS    ,affinity_GS             ,             0.5 ,Gc_train_2_Gs_infer ,False       ,False        ,   512 ,          2 ,          2 ,    100 ,    300 ,        32 ,0.01   ,       3.2076441049575806  ,0.95
AIDS    ,affinity_GS             ,             0.5 ,Gc_train_2_Gs_infer ,False       ,False        ,   512 ,          2 ,          2 ,    100 ,    300 ,        32 ,0.1    ,     320.92272913455963    ,0.85
AIDS    ,affinity_GS             ,             0.5 ,Gc_train_2_Gs_infer ,False       ,False        ,   512 ,          2 ,          2 ,    100 ,    300 ,       128 ,0.001  ,       0.4884483218193054  ,0.7931034482758621
AIDS    ,affinity_GS             ,             0.5 ,Gc_train_2_Gs_infer ,False       ,False        ,   512 ,          2 ,          2 ,    100 ,    300 ,       128 ,0.01   ,       0.7203729003667831  ,0.5948275862068966
AIDS    ,affinity_GS             ,             0.5 ,Gc_train_2_Gs_infer ,False       ,False        ,   512 ,          2 ,          2 ,    100 ,    300 ,       128 ,0.1    ,     138.9570426940918     ,0.7327586206896551
AIDS    ,affinity_GS             ,             0.9 ,Gc_train_2_Gs_infer ,False       ,False        ,   512 ,          2 ,          2 ,    100 ,    300 ,         2 ,0.001  ,       5.0746558864516595  ,1.0
AIDS    ,affinity_GS             ,             0.9 ,Gc_train_2_Gs_infer ,False       ,False        ,   512 ,          2 ,          2 ,    100 ,    300 ,         2 ,0.01   ,     338.53166015625       ,0.5
AIDS    ,affinity_GS             ,             0.9 ,Gc_train_2_Gs_infer ,False       ,False        ,   512 ,          2 ,          2 ,    100 ,    300 ,         2 ,0.1    ,      96.6274921875        ,0.5
AIDS    ,affinity_GS             ,             0.9 ,Gc_train_2_Gs_infer ,False       ,False        ,   512 ,          2 ,          2 ,    100 ,    300 ,        16 ,0.001  ,       0.5151209873147309  ,1.0
AIDS    ,affinity_GS             ,             0.9 ,Gc_train_2_Gs_infer ,False       ,False        ,   512 ,          2 ,          2 ,    100 ,    300 ,        16 ,0.01   ,      45.12122443318367    ,0.75
AIDS    ,affinity_GS             ,             0.9 ,Gc_train_2_Gs_infer ,False       ,False        ,   512 ,          2 ,          2 ,    100 ,    300 ,        16 ,0.1    ,      35.815151900053024   ,0.75
AIDS    ,affinity_GS             ,             0.9 ,Gc_train_2_Gs_infer ,False       ,False        ,   512 ,          2 ,          2 ,    100 ,    300 ,        32 ,0.001  ,       0.4850053284317255  ,0.75
AIDS    ,affinity_GS             ,             0.9 ,Gc_train_2_Gs_infer ,False       ,False        ,   512 ,          2 ,          2 ,    100 ,    300 ,        32 ,0.01   ,      14.71671013534069    ,0.85
AIDS    ,affinity_GS             ,             0.9 ,Gc_train_2_Gs_infer ,False       ,False        ,   512 ,          2 ,          2 ,    100 ,    300 ,        32 ,0.1    ,      98.8734695315361     ,0.2
AIDS    ,affinity_GS             ,             0.9 ,Gc_train_2_Gs_infer ,False       ,False        ,   512 ,          2 ,          2 ,    100 ,    300 ,       128 ,0.001  ,       1.221876621246338   ,0.4396551724137931
AIDS    ,affinity_GS             ,             0.9 ,Gc_train_2_Gs_infer ,False       ,False        ,   512 ,          2 ,          2 ,    100 ,    300 ,       128 ,0.01   ,       0.6028812229633331  ,0.7931034482758621
AIDS    ,affinity_GS             ,             0.9 ,Gc_train_2_Gs_infer ,False       ,False        ,   512 ,          2 ,          2 ,    100 ,    300 ,       128 ,0.1    ,     108.83137321472168    ,0.8189655172413793
AIDS    ,kron                    ,             0.1 ,Gc_train_2_Gs_infer ,False       ,False        ,   512 ,          2 ,          2 ,    100 ,    300 ,         2 ,0.001  ,       8.883318412780762   ,1.0
AIDS    ,kron                    ,             0.1 ,Gc_train_2_Gs_infer ,False       ,False        ,   512 ,          2 ,          2 ,    100 ,    300 ,         2 ,0.01   ,      37.27592254638672    ,0.5
AIDS    ,kron                    ,             0.1 ,Gc_train_2_Gs_infer ,False       ,False        ,   512 ,          2 ,          2 ,    100 ,    300 ,         2 ,0.1    ,   84231.40968603516       ,0.5
AIDS    ,kron                    ,             0.1 ,Gc_train_2_Gs_infer ,False       ,False        ,   512 ,          2 ,          2 ,    100 ,    300 ,        16 ,0.001  ,       2.678033430129288   ,1.0
AIDS    ,kron                    ,             0.1 ,Gc_train_2_Gs_infer ,False       ,False        ,   512 ,          2 ,          2 ,    100 ,    300 ,        16 ,0.01   ,       8.972849696874619   ,0.75
AIDS    ,kron                    ,             0.1 ,Gc_train_2_Gs_infer ,False       ,False        ,   512 ,          2 ,          2 ,    100 ,    300 ,        16 ,0.1    ,       9.866216093301773   ,1.0
AIDS    ,kron                    ,             0.1 ,Gc_train_2_Gs_infer ,False       ,False        ,   512 ,          2 ,          2 ,    100 ,    300 ,        32 ,0.001  ,       0.573497673496604   ,0.8
AIDS    ,kron                    ,             0.1 ,Gc_train_2_Gs_infer ,False       ,False        ,   512 ,          2 ,          2 ,    100 ,    300 ,        32 ,0.01   ,       4.532294869422913   ,0.75
AIDS    ,kron                    ,             0.1 ,Gc_train_2_Gs_infer ,False       ,False        ,   512 ,          2 ,          2 ,    100 ,    300 ,        32 ,0.1    ,       5.725864961743355   ,0.8
AIDS    ,kron                    ,             0.1 ,Gc_train_2_Gs_infer ,False       ,False        ,   512 ,          2 ,          2 ,    100 ,    300 ,       128 ,0.001  ,       0.521119050681591   ,0.8017241379310345
AIDS    ,kron                    ,             0.1 ,Gc_train_2_Gs_infer ,False       ,False        ,   512 ,          2 ,          2 ,    100 ,    300 ,       128 ,0.01   ,       0.5521352738142014  ,0.7844827586206896
AIDS    ,kron                    ,             0.1 ,Gc_train_2_Gs_infer ,False       ,False        ,   512 ,          2 ,          2 ,    100 ,    300 ,       128 ,0.1    ,      15.89489221572876    ,0.8103448275862069
AIDS    ,kron                    ,             0.5 ,Gc_train_2_Gs_infer ,False       ,False        ,   512 ,          2 ,          2 ,    100 ,    300 ,         2 ,0.001  ,      16.01756591645061    ,1.0
AIDS    ,kron                    ,             0.5 ,Gc_train_2_Gs_infer ,False       ,False        ,   512 ,          2 ,          2 ,    100 ,    300 ,         2 ,0.01   ,     342.88253466796874    ,1.0
AIDS    ,kron                    ,             0.5 ,Gc_train_2_Gs_infer ,False       ,False        ,   512 ,          2 ,          2 ,    100 ,    300 ,         2 ,0.1    ,  351399.35859570315       ,1.0
AIDS    ,kron                    ,             0.5 ,Gc_train_2_Gs_infer ,False       ,False        ,   512 ,          2 ,          2 ,    100 ,    300 ,        16 ,0.001  ,       0.6295033115893602  ,0.75
AIDS    ,kron                    ,             0.5 ,Gc_train_2_Gs_infer ,False       ,False        ,   512 ,          2 ,          2 ,    100 ,    300 ,        16 ,0.01   ,      68.98383182287216    ,0.5
AIDS    ,kron                    ,             0.5 ,Gc_train_2_Gs_infer ,False       ,False        ,   512 ,          2 ,          2 ,    100 ,    300 ,        16 ,0.1    ,   11840.662138938904      ,0.5
AIDS    ,kron                    ,             0.5 ,Gc_train_2_Gs_infer ,False       ,False        ,   512 ,          2 ,          2 ,    100 ,    300 ,        32 ,0.001  ,       0.6546399407088757  ,0.7
AIDS    ,kron                    ,             0.5 ,Gc_train_2_Gs_infer ,False       ,False        ,   512 ,          2 ,          2 ,    100 ,    300 ,        32 ,0.01   ,      12.17035961151123    ,0.85
AIDS    ,kron                    ,             0.5 ,Gc_train_2_Gs_infer ,False       ,False        ,   512 ,          2 ,          2 ,    100 ,    300 ,        32 ,0.1    ,       2.1272479705512524  ,0.75
AIDS    ,kron                    ,             0.5 ,Gc_train_2_Gs_infer ,False       ,False        ,   512 ,          2 ,          2 ,    100 ,    300 ,       128 ,0.001  ,       0.5696998089551926  ,0.7844827586206896
AIDS    ,kron                    ,             0.5 ,Gc_train_2_Gs_infer ,False       ,False        ,   512 ,          2 ,          2 ,    100 ,    300 ,       128 ,0.01   ,       3.135532855987549   ,0.2413793103448276
AIDS    ,kron                    ,             0.5 ,Gc_train_2_Gs_infer ,False       ,False        ,   512 ,          2 ,          2 ,    100 ,    300 ,       128 ,0.1    ,      43.328999519348145   ,0.8189655172413793
AIDS    ,kron                    ,             0.9 ,Gc_train_2_Gs_infer ,False       ,False        ,   512 ,          2 ,          2 ,    100 ,    300 ,         2 ,0.001  ,      14.33238200378418    ,0.0
AIDS    ,kron                    ,             0.9 ,Gc_train_2_Gs_infer ,False       ,False        ,   512 ,          2 ,          2 ,    100 ,    300 ,         2 ,0.01   ,     559.9333203125        ,0.5
AIDS    ,kron                    ,             0.9 ,Gc_train_2_Gs_infer ,False       ,False        ,   512 ,          2 ,          2 ,    100 ,    300 ,         2 ,0.1    ,     364.181478515625      ,1.0
AIDS    ,kron                    ,             0.9 ,Gc_train_2_Gs_infer ,False       ,False        ,   512 ,          2 ,          2 ,    100 ,    300 ,        16 ,0.001  ,       0.6932250494137406  ,0.75
AIDS    ,kron                    ,             0.9 ,Gc_train_2_Gs_infer ,False       ,False        ,   512 ,          2 ,          2 ,    100 ,    300 ,        16 ,0.01   ,       8.708504159003496   ,0.5
AIDS    ,kron                    ,             0.9 ,Gc_train_2_Gs_infer ,False       ,False        ,   512 ,          2 ,          2 ,    100 ,    300 ,        16 ,0.1    ,     256.7636399269104     ,0.75
AIDS    ,kron                    ,             0.9 ,Gc_train_2_Gs_infer ,False       ,False        ,   512 ,          2 ,          2 ,    100 ,    300 ,        32 ,0.001  ,       0.52711471170187    ,0.8
AIDS    ,kron                    ,             0.9 ,Gc_train_2_Gs_infer ,False       ,False        ,   512 ,          2 ,          2 ,    100 ,    300 ,        32 ,0.01   ,      18.662360191345215   ,0.75
AIDS    ,kron                    ,             0.9 ,Gc_train_2_Gs_infer ,False       ,False        ,   512 ,          2 ,          2 ,    100 ,    300 ,        32 ,0.1    ,       2.808238610625267   ,0.1
AIDS    ,kron                    ,             0.9 ,Gc_train_2_Gs_infer ,False       ,False        ,   512 ,          2 ,          2 ,    100 ,    300 ,       128 ,0.001  ,       1.1782478988170624  ,0.4482758620689655
AIDS    ,kron                    ,             0.9 ,Gc_train_2_Gs_infer ,False       ,False        ,   512 ,          2 ,          2 ,    100 ,    300 ,       128 ,0.01   ,       0.6527990698814392  ,0.7844827586206896
AIDS    ,kron                    ,             0.9 ,Gc_train_2_Gs_infer ,False       ,False        ,   512 ,          2 ,          2 ,    100 ,    300 ,       128 ,0.1    ,      59.457557678222656   ,0.8275862068965517
AIDS    ,variation_neighborhoods ,             0.1 ,Gc_train_2_Gs_infer ,True        ,False        ,   512 ,          2 ,          2 ,    100 ,    300 ,         2 ,0.001  ,       3.225017114873059   ,1.0
AIDS    ,variation_neighborhoods ,             0.1 ,Gc_train_2_Gs_infer ,True        ,False        ,   512 ,          2 ,          2 ,    100 ,    300 ,         2 ,0.01   ,      13.425881731003523   ,1.0
AIDS    ,variation_neighborhoods ,             0.1 ,Gc_train_2_Gs_infer ,True        ,False        ,   512 ,          2 ,          2 ,    100 ,    300 ,         2 ,0.1    ,     502.77716943359377    ,1.0
AIDS    ,variation_neighborhoods ,             0.1 ,Gc_train_2_Gs_infer ,True        ,False        ,   512 ,          2 ,          2 ,    100 ,    300 ,        16 ,0.001  ,       0.5352803831920028  ,1.0
AIDS    ,variation_neighborhoods ,             0.1 ,Gc_train_2_Gs_infer ,True        ,False        ,   512 ,          2 ,          2 ,    100 ,    300 ,        16 ,0.01   ,       0.8728242632350884  ,1.0
AIDS    ,variation_neighborhoods ,             0.1 ,Gc_train_2_Gs_infer ,True        ,False        ,   512 ,          2 ,          2 ,    100 ,    300 ,        16 ,0.1    ,       1.6373215997591615  ,0.5
AIDS    ,variation_neighborhoods ,             0.1 ,Gc_train_2_Gs_infer ,True        ,False        ,   512 ,          2 ,          2 ,    100 ,    300 ,        32 ,0.001  ,       2.5177345983684063  ,0.8
AIDS    ,variation_neighborhoods ,             0.1 ,Gc_train_2_Gs_infer ,True        ,False        ,   512 ,          2 ,          2 ,    100 ,    300 ,        32 ,0.01   ,      12.336690172553062   ,0.95
AIDS    ,variation_neighborhoods ,             0.1 ,Gc_train_2_Gs_infer ,True        ,False        ,   512 ,          2 ,          2 ,    100 ,    300 ,        32 ,0.1    ,       2.300667531788349   ,0.6
AIDS    ,variation_neighborhoods ,             0.1 ,Gc_train_2_Gs_infer ,True        ,False        ,   512 ,          2 ,          2 ,    100 ,    300 ,       128 ,0.001  ,       0.6209747195243835  ,0.8706896551724138
AIDS    ,variation_neighborhoods ,             0.1 ,Gc_train_2_Gs_infer ,True        ,False        ,   512 ,          2 ,          2 ,    100 ,    300 ,       128 ,0.01   ,       1.1206863522529602  ,0.7931034482758621
AIDS    ,variation_neighborhoods ,             0.1 ,Gc_train_2_Gs_infer ,True        ,False        ,   512 ,          2 ,          2 ,    100 ,    300 ,       128 ,0.1    ,       4.193188786506653   ,0.8103448275862069
AIDS    ,variation_neighborhoods ,             0.5 ,Gc_train_2_Gs_infer ,True        ,False        ,   512 ,          2 ,          2 ,    100 ,    300 ,         2 ,0.001  ,      76.54763452148437    ,0.5
AIDS    ,variation_neighborhoods ,             0.5 ,Gc_train_2_Gs_infer ,True        ,False        ,   512 ,          2 ,          2 ,    100 ,    300 ,         2 ,0.01   ,     179.8876943359375     ,1.0
AIDS    ,variation_neighborhoods ,             0.5 ,Gc_train_2_Gs_infer ,True        ,False        ,   512 ,          2 ,          2 ,    100 ,    300 ,         2 ,0.1    ,    2296.5015625           ,1.0
AIDS    ,variation_neighborhoods ,             0.5 ,Gc_train_2_Gs_infer ,True        ,False        ,   512 ,          2 ,          2 ,    100 ,    300 ,        16 ,0.001  ,       2.7274209554271067  ,0.75
AIDS    ,variation_neighborhoods ,             0.5 ,Gc_train_2_Gs_infer ,True        ,False        ,   512 ,          2 ,          2 ,    100 ,    300 ,        16 ,0.01   ,      13.297516234219074   ,1.0
AIDS    ,variation_neighborhoods ,             0.5 ,Gc_train_2_Gs_infer ,True        ,False        ,   512 ,          2 ,          2 ,    100 ,    300 ,        16 ,0.1    ,     655.5431289672852     ,0.5
AIDS    ,variation_neighborhoods ,             0.5 ,Gc_train_2_Gs_infer ,True        ,False        ,   512 ,          2 ,          2 ,    100 ,    300 ,        32 ,0.001  ,       0.547435075044632   ,0.75
AIDS    ,variation_neighborhoods ,             0.5 ,Gc_train_2_Gs_infer ,True        ,False        ,   512 ,          2 ,          2 ,    100 ,    300 ,        32 ,0.01   ,       6.752006992697716   ,0.9
AIDS    ,variation_neighborhoods ,             0.5 ,Gc_train_2_Gs_infer ,True        ,False        ,   512 ,          2 ,          2 ,    100 ,    300 ,        32 ,0.1    ,       6.22111364454031    ,0.9
AIDS    ,variation_neighborhoods ,             0.5 ,Gc_train_2_Gs_infer ,True        ,False        ,   512 ,          2 ,          2 ,    100 ,    300 ,       128 ,0.001  ,       0.44991835951805115 ,0.8103448275862069
AIDS    ,variation_neighborhoods ,             0.5 ,Gc_train_2_Gs_infer ,True        ,False        ,   512 ,          2 ,          2 ,    100 ,    300 ,       128 ,0.01   ,       1.2625660002231598  ,0.7672413793103449
AIDS    ,variation_neighborhoods ,             0.5 ,Gc_train_2_Gs_infer ,True        ,False        ,   512 ,          2 ,          2 ,    100 ,    300 ,       128 ,0.1    ,       0.9409483373165131  ,0.853448275862069
AIDS    ,variation_neighborhoods ,             0.9 ,Gc_train_2_Gs_infer ,True        ,False        ,   512 ,          2 ,          2 ,    100 ,    300 ,         2 ,0.001  ,      28.05216575162817    ,0.0
AIDS    ,variation_neighborhoods ,             0.9 ,Gc_train_2_Gs_infer ,True        ,False        ,   512 ,          2 ,          2 ,    100 ,    300 ,         2 ,0.01   ,     543.9505170898437     ,1.0
AIDS    ,variation_neighborhoods ,             0.9 ,Gc_train_2_Gs_infer ,True        ,False        ,   512 ,          2 ,          2 ,    100 ,    300 ,         2 ,0.1    ,     485.9782216796875     ,1.0
AIDS    ,variation_neighborhoods ,             0.9 ,Gc_train_2_Gs_infer ,True        ,False        ,   512 ,          2 ,          2 ,    100 ,    300 ,        16 ,0.001  ,       1.6315533742308617  ,0.75
AIDS    ,variation_neighborhoods ,             0.9 ,Gc_train_2_Gs_infer ,True        ,False        ,   512 ,          2 ,          2 ,    100 ,    300 ,        16 ,0.01   ,      25.56797672761599    ,0.75
AIDS    ,variation_neighborhoods ,             0.9 ,Gc_train_2_Gs_infer ,True        ,False        ,   512 ,          2 ,          2 ,    100 ,    300 ,        16 ,0.1    ,      10.179273217916489   ,0.75
AIDS    ,variation_neighborhoods ,             0.9 ,Gc_train_2_Gs_infer ,True        ,False        ,   512 ,          2 ,          2 ,    100 ,    300 ,        32 ,0.001  ,       0.4985386021435261  ,0.85
AIDS    ,variation_neighborhoods ,             0.9 ,Gc_train_2_Gs_infer ,True        ,False        ,   512 ,          2 ,          2 ,    100 ,    300 ,        32 ,0.01   ,      25.26187425851822    ,0.75
AIDS    ,variation_neighborhoods ,             0.9 ,Gc_train_2_Gs_infer ,True        ,False        ,   512 ,          2 ,          2 ,    100 ,    300 ,        32 ,0.1    ,       6.976592719554901   ,0.7
AIDS    ,variation_neighborhoods ,             0.9 ,Gc_train_2_Gs_infer ,True        ,False        ,   512 ,          2 ,          2 ,    100 ,    300 ,       128 ,0.001  ,       0.4964994192123413  ,0.8189655172413793
AIDS    ,variation_neighborhoods ,             0.9 ,Gc_train_2_Gs_infer ,True        ,False        ,   512 ,          2 ,          2 ,    100 ,    300 ,       128 ,0.01   ,       0.48837313801050186 ,0.8017241379310345
AIDS    ,variation_neighborhoods ,             0.9 ,Gc_train_2_Gs_infer ,True        ,False        ,   512 ,          2 ,          2 ,    100 ,    300 ,       128 ,0.1    ,      72.66606521606445    ,0.8103448275862069
AIDS    ,algebraic_JC            ,             0.1 ,Gc_train_2_Gs_infer ,True        ,False        ,   512 ,          2 ,          2 ,    100 ,    300 ,         2 ,0.001  ,       3.6197280277938684  ,1.0
AIDS    ,algebraic_JC            ,             0.1 ,Gc_train_2_Gs_infer ,True        ,False        ,   512 ,          2 ,          2 ,    100 ,    300 ,         2 ,0.01   ,    2049.8054326171873     ,1.0
AIDS    ,algebraic_JC            ,             0.1 ,Gc_train_2_Gs_infer ,True        ,False        ,   512 ,          2 ,          2 ,    100 ,    300 ,         2 ,0.1    ,     413.25642553710935    ,0.5
AIDS    ,algebraic_JC            ,             0.1 ,Gc_train_2_Gs_infer ,True        ,False        ,   512 ,          2 ,          2 ,    100 ,    300 ,        16 ,0.001  ,       1.5628879262039845  ,0.75
AIDS    ,algebraic_JC            ,             0.1 ,Gc_train_2_Gs_infer ,True        ,False        ,   512 ,          2 ,          2 ,    100 ,    300 ,        16 ,0.01   ,       2.777862642542459   ,1.0
AIDS    ,algebraic_JC            ,             0.1 ,Gc_train_2_Gs_infer ,True        ,False        ,   512 ,          2 ,          2 ,    100 ,    300 ,        16 ,0.1    ,      78.94477868080139    ,0.5
AIDS    ,algebraic_JC            ,             0.1 ,Gc_train_2_Gs_infer ,True        ,False        ,   512 ,          2 ,          2 ,    100 ,    300 ,        32 ,0.001  ,       4.570494696497917   ,0.8
AIDS    ,algebraic_JC            ,             0.1 ,Gc_train_2_Gs_infer ,True        ,False        ,   512 ,          2 ,          2 ,    100 ,    300 ,        32 ,0.01   ,       2.038580298423767   ,0.7
AIDS    ,algebraic_JC            ,             0.1 ,Gc_train_2_Gs_infer ,True        ,False        ,   512 ,          2 ,          2 ,    100 ,    300 ,        32 ,0.1    ,    1494.211009979248      ,0.75
AIDS    ,algebraic_JC            ,             0.1 ,Gc_train_2_Gs_infer ,True        ,False        ,   512 ,          2 ,          2 ,    100 ,    300 ,       128 ,0.001  ,       0.5157030001282692  ,0.8275862068965517
AIDS    ,algebraic_JC            ,             0.1 ,Gc_train_2_Gs_infer ,True        ,False        ,   512 ,          2 ,          2 ,    100 ,    300 ,       128 ,0.01   ,       2.108788311481476   ,0.43103448275862066
AIDS    ,algebraic_JC            ,             0.1 ,Gc_train_2_Gs_infer ,True        ,False        ,   512 ,          2 ,          2 ,    100 ,    300 ,       128 ,0.1    ,       9.129541516304016   ,0.75
AIDS    ,algebraic_JC            ,             0.5 ,Gc_train_2_Gs_infer ,True        ,False        ,   512 ,          2 ,          2 ,    100 ,    300 ,         2 ,0.001  ,       8.85991777416243    ,1.0
AIDS    ,algebraic_JC            ,             0.5 ,Gc_train_2_Gs_infer ,True        ,False        ,   512 ,          2 ,          2 ,    100 ,    300 ,         2 ,0.01   ,     243.4471862792969     ,0.5
AIDS    ,algebraic_JC            ,             0.5 ,Gc_train_2_Gs_infer ,True        ,False        ,   512 ,          2 ,          2 ,    100 ,    300 ,         2 ,0.1    ,     113.355150390625      ,0.5
AIDS    ,algebraic_JC            ,             0.5 ,Gc_train_2_Gs_infer ,True        ,False        ,   512 ,          2 ,          2 ,    100 ,    300 ,        16 ,0.001  ,       1.73191074480701    ,0.25
AIDS    ,algebraic_JC            ,             0.5 ,Gc_train_2_Gs_infer ,True        ,False        ,   512 ,          2 ,          2 ,    100 ,    300 ,        16 ,0.01   ,      99.07280683517456    ,1.0
AIDS    ,algebraic_JC            ,             0.5 ,Gc_train_2_Gs_infer ,True        ,False        ,   512 ,          2 ,          2 ,    100 ,    300 ,        16 ,0.1    ,      53.462692737579346   ,0.75
AIDS    ,algebraic_JC            ,             0.5 ,Gc_train_2_Gs_infer ,True        ,False        ,   512 ,          2 ,          2 ,    100 ,    300 ,        32 ,0.001  ,       0.48632641322910786 ,0.85
AIDS    ,algebraic_JC            ,             0.5 ,Gc_train_2_Gs_infer ,True        ,False        ,   512 ,          2 ,          2 ,    100 ,    300 ,        32 ,0.01   ,       8.854877024888992   ,0.8
AIDS    ,algebraic_JC            ,             0.5 ,Gc_train_2_Gs_infer ,True        ,False        ,   512 ,          2 ,          2 ,    100 ,    300 ,        32 ,0.1    ,     456.95015144348145    ,0.9
AIDS    ,algebraic_JC            ,             0.5 ,Gc_train_2_Gs_infer ,True        ,False        ,   512 ,          2 ,          2 ,    100 ,    300 ,       128 ,0.001  ,       0.47540219128131866 ,0.8793103448275862
AIDS    ,algebraic_JC            ,             0.5 ,Gc_train_2_Gs_infer ,True        ,False        ,   512 ,          2 ,          2 ,    100 ,    300 ,       128 ,0.01   ,       1.3607474267482758  ,0.39655172413793105
AIDS    ,algebraic_JC            ,             0.5 ,Gc_train_2_Gs_infer ,True        ,False        ,   512 ,          2 ,          2 ,    100 ,    300 ,       128 ,0.1    ,      44.57951736450195    ,0.7758620689655172
AIDS    ,algebraic_JC            ,             0.9 ,Gc_train_2_Gs_infer ,True        ,False        ,   512 ,          2 ,          2 ,    100 ,    300 ,         2 ,0.001  ,       9.01412582397461    ,1.0
AIDS    ,algebraic_JC            ,             0.9 ,Gc_train_2_Gs_infer ,True        ,False        ,   512 ,          2 ,          2 ,    100 ,    300 ,         2 ,0.01   ,     306.9876223144531     ,1.0
AIDS    ,algebraic_JC            ,             0.9 ,Gc_train_2_Gs_infer ,True        ,False        ,   512 ,          2 ,          2 ,    100 ,    300 ,         2 ,0.1    ,     398.3814453125        ,0.5
AIDS    ,algebraic_JC            ,             0.9 ,Gc_train_2_Gs_infer ,True        ,False        ,   512 ,          2 ,          2 ,    100 ,    300 ,        16 ,0.001  ,       0.8279859563335776  ,0.75
AIDS    ,algebraic_JC            ,             0.9 ,Gc_train_2_Gs_infer ,True        ,False        ,   512 ,          2 ,          2 ,    100 ,    300 ,        16 ,0.01   ,     137.0430804491043     ,0.5
AIDS    ,algebraic_JC            ,             0.9 ,Gc_train_2_Gs_infer ,True        ,False        ,   512 ,          2 ,          2 ,    100 ,    300 ,        16 ,0.1    ,      73.70234978199005    ,0.75
AIDS    ,algebraic_JC            ,             0.9 ,Gc_train_2_Gs_infer ,True        ,False        ,   512 ,          2 ,          2 ,    100 ,    300 ,        32 ,0.001  ,       0.526791512966156   ,0.7
AIDS    ,algebraic_JC            ,             0.9 ,Gc_train_2_Gs_infer ,True        ,False        ,   512 ,          2 ,          2 ,    100 ,    300 ,        32 ,0.01   ,       0.5866655483841896  ,0.8
AIDS    ,algebraic_JC            ,             0.9 ,Gc_train_2_Gs_infer ,True        ,False        ,   512 ,          2 ,          2 ,    100 ,    300 ,        32 ,0.1    ,      10.61977006494999    ,0.8
AIDS    ,algebraic_JC            ,             0.9 ,Gc_train_2_Gs_infer ,True        ,False        ,   512 ,          2 ,          2 ,    100 ,    300 ,       128 ,0.001  ,       0.4001339003443718  ,0.8620689655172413
AIDS    ,algebraic_JC            ,             0.9 ,Gc_train_2_Gs_infer ,True        ,False        ,   512 ,          2 ,          2 ,    100 ,    300 ,       128 ,0.01   ,       0.5187820643186569  ,0.7844827586206896
AIDS    ,algebraic_JC            ,             0.9 ,Gc_train_2_Gs_infer ,True        ,False        ,   512 ,          2 ,          2 ,    100 ,    300 ,       128 ,0.1    ,       0.6933049708604813  ,0.8017241379310345
AIDS    ,affinity_GS             ,             0.1 ,Gc_train_2_Gs_infer ,True        ,False        ,   512 ,          2 ,          2 ,    100 ,    300 ,         2 ,0.001  ,       9.767048957824708   ,1.0
AIDS    ,affinity_GS             ,             0.1 ,Gc_train_2_Gs_infer ,True        ,False        ,   512 ,          2 ,          2 ,    100 ,    300 ,         2 ,0.01   ,      88.71860852050781    ,1.0
AIDS    ,affinity_GS             ,             0.1 ,Gc_train_2_Gs_infer ,True        ,False        ,   512 ,          2 ,          2 ,    100 ,    300 ,         2 ,0.1    ,     591.75474609375       ,1.0
AIDS    ,affinity_GS             ,             0.1 ,Gc_train_2_Gs_infer ,True        ,False        ,   512 ,          2 ,          2 ,    100 ,    300 ,        16 ,0.001  ,       0.5194828598760068  ,1.0
AIDS    ,affinity_GS             ,             0.1 ,Gc_train_2_Gs_infer ,True        ,False        ,   512 ,          2 ,          2 ,    100 ,    300 ,        16 ,0.01   ,       2.4028508679438687  ,0.75
AIDS    ,affinity_GS             ,             0.1 ,Gc_train_2_Gs_infer ,True        ,False        ,   512 ,          2 ,          2 ,    100 ,    300 ,        16 ,0.1    ,      68.89919185638428    ,1.0
AIDS    ,affinity_GS             ,             0.1 ,Gc_train_2_Gs_infer ,True        ,False        ,   512 ,          2 ,          2 ,    100 ,    300 ,        32 ,0.001  ,       0.6341814361512661  ,0.7
AIDS    ,affinity_GS             ,             0.1 ,Gc_train_2_Gs_infer ,True        ,False        ,   512 ,          2 ,          2 ,    100 ,    300 ,        32 ,0.01   ,       3.1310516138619278  ,0.8
AIDS    ,affinity_GS             ,             0.1 ,Gc_train_2_Gs_infer ,True        ,False        ,   512 ,          2 ,          2 ,    100 ,    300 ,        32 ,0.1    ,      19.444123148918152   ,0.8
AIDS    ,affinity_GS             ,             0.1 ,Gc_train_2_Gs_infer ,True        ,False        ,   512 ,          2 ,          2 ,    100 ,    300 ,       128 ,0.001  ,       0.4837331622838974  ,0.7931034482758621
AIDS    ,affinity_GS             ,             0.1 ,Gc_train_2_Gs_infer ,True        ,False        ,   512 ,          2 ,          2 ,    100 ,    300 ,       128 ,0.01   ,       2.2396029829978943  ,0.853448275862069
AIDS    ,affinity_GS             ,             0.1 ,Gc_train_2_Gs_infer ,True        ,False        ,   512 ,          2 ,          2 ,    100 ,    300 ,       128 ,0.1    ,       0.5328526347875595  ,0.7758620689655172
AIDS    ,affinity_GS             ,             0.5 ,Gc_train_2_Gs_infer ,True        ,False        ,   512 ,          2 ,          2 ,    100 ,    300 ,         2 ,0.001  ,      28.803155410766603   ,1.0
AIDS    ,affinity_GS             ,             0.5 ,Gc_train_2_Gs_infer ,True        ,False        ,   512 ,          2 ,          2 ,    100 ,    300 ,         2 ,0.01   ,     152.41591015625       ,1.0
AIDS    ,affinity_GS             ,             0.5 ,Gc_train_2_Gs_infer ,True        ,False        ,   512 ,          2 ,          2 ,    100 ,    300 ,         2 ,0.1    ,    3859.0400625           ,1.0
AIDS    ,affinity_GS             ,             0.5 ,Gc_train_2_Gs_infer ,True        ,False        ,   512 ,          2 ,          2 ,    100 ,    300 ,        16 ,0.001  ,       0.50129499938339    ,0.5
AIDS    ,affinity_GS             ,             0.5 ,Gc_train_2_Gs_infer ,True        ,False        ,   512 ,          2 ,          2 ,    100 ,    300 ,        16 ,0.01   ,       7.429410731884403   ,0.75
AIDS    ,affinity_GS             ,             0.5 ,Gc_train_2_Gs_infer ,True        ,False        ,   512 ,          2 ,          2 ,    100 ,    300 ,        16 ,0.1    ,       5.7928005158901215  ,0.5
AIDS    ,affinity_GS             ,             0.5 ,Gc_train_2_Gs_infer ,True        ,False        ,   512 ,          2 ,          2 ,    100 ,    300 ,        32 ,0.001  ,       0.5367119833827019  ,0.9
AIDS    ,affinity_GS             ,             0.5 ,Gc_train_2_Gs_infer ,True        ,False        ,   512 ,          2 ,          2 ,    100 ,    300 ,        32 ,0.01   ,      11.114898562431335   ,0.85
AIDS    ,affinity_GS             ,             0.5 ,Gc_train_2_Gs_infer ,True        ,False        ,   512 ,          2 ,          2 ,    100 ,    300 ,        32 ,0.1    ,     111.75193309783936    ,0.6
AIDS    ,affinity_GS             ,             0.5 ,Gc_train_2_Gs_infer ,True        ,False        ,   512 ,          2 ,          2 ,    100 ,    300 ,       128 ,0.001  ,       0.4398665055632591  ,0.8620689655172413
AIDS    ,affinity_GS             ,             0.5 ,Gc_train_2_Gs_infer ,True        ,False        ,   512 ,          2 ,          2 ,    100 ,    300 ,       128 ,0.01   ,       1.719587653875351   ,0.8189655172413793
AIDS    ,affinity_GS             ,             0.5 ,Gc_train_2_Gs_infer ,True        ,False        ,   512 ,          2 ,          2 ,    100 ,    300 ,       128 ,0.1    ,      83.20433235168457    ,0.8448275862068966
AIDS    ,affinity_GS             ,             0.9 ,Gc_train_2_Gs_infer ,True        ,False        ,   512 ,          2 ,          2 ,    100 ,    300 ,         2 ,0.001  ,       9.177809539794922   ,1.0
AIDS    ,affinity_GS             ,             0.9 ,Gc_train_2_Gs_infer ,True        ,False        ,   512 ,          2 ,          2 ,    100 ,    300 ,         2 ,0.01   ,     207.18646533203125    ,1.0
AIDS    ,affinity_GS             ,             0.9 ,Gc_train_2_Gs_infer ,True        ,False        ,   512 ,          2 ,          2 ,    100 ,    300 ,         2 ,0.1    ,    3894.1933203125        ,1.0
AIDS    ,affinity_GS             ,             0.9 ,Gc_train_2_Gs_infer ,True        ,False        ,   512 ,          2 ,          2 ,    100 ,    300 ,        16 ,0.001  ,       0.939243383705616   ,0.0
AIDS    ,affinity_GS             ,             0.9 ,Gc_train_2_Gs_infer ,True        ,False        ,   512 ,          2 ,          2 ,    100 ,    300 ,        16 ,0.01   ,       7.476336866617203   ,0.25
AIDS    ,affinity_GS             ,             0.9 ,Gc_train_2_Gs_infer ,True        ,False        ,   512 ,          2 ,          2 ,    100 ,    300 ,        16 ,0.1    ,       2.637484684586518   ,1.0
AIDS    ,affinity_GS             ,             0.9 ,Gc_train_2_Gs_infer ,True        ,False        ,   512 ,          2 ,          2 ,    100 ,    300 ,        32 ,0.001  ,       0.4297796795144677  ,0.8
AIDS    ,affinity_GS             ,             0.9 ,Gc_train_2_Gs_infer ,True        ,False        ,   512 ,          2 ,          2 ,    100 ,    300 ,        32 ,0.01   ,      23.74976420402527    ,0.8
AIDS    ,affinity_GS             ,             0.9 ,Gc_train_2_Gs_infer ,True        ,False        ,   512 ,          2 ,          2 ,    100 ,    300 ,        32 ,0.1    ,       6.548253238201141   ,0.8
AIDS    ,affinity_GS             ,             0.9 ,Gc_train_2_Gs_infer ,True        ,False        ,   512 ,          2 ,          2 ,    100 ,    300 ,       128 ,0.001  ,       0.4340607449412346  ,0.7931034482758621
AIDS    ,affinity_GS             ,             0.9 ,Gc_train_2_Gs_infer ,True        ,False        ,   512 ,          2 ,          2 ,    100 ,    300 ,       128 ,0.01   ,       0.5248356312513351  ,0.8017241379310345
AIDS    ,affinity_GS             ,             0.9 ,Gc_train_2_Gs_infer ,True        ,False        ,   512 ,          2 ,          2 ,    100 ,    300 ,       128 ,0.1    ,       0.7533715218305588  ,0.1896551724137931
AIDS    ,kron                    ,             0.1 ,Gc_train_2_Gs_infer ,True        ,False        ,   512 ,          2 ,          2 ,    100 ,    300 ,         2 ,0.001  ,       7.178937362670898   ,1.0
AIDS    ,kron                    ,             0.1 ,Gc_train_2_Gs_infer ,True        ,False        ,   512 ,          2 ,          2 ,    100 ,    300 ,         2 ,0.01   ,      75.25346368408204    ,1.0
AIDS    ,kron                    ,             0.1 ,Gc_train_2_Gs_infer ,True        ,False        ,   512 ,          2 ,          2 ,    100 ,    300 ,         2 ,0.1    ,    1508.83671875          ,0.5
AIDS    ,kron                    ,             0.1 ,Gc_train_2_Gs_infer ,True        ,False        ,   512 ,          2 ,          2 ,    100 ,    300 ,        16 ,0.001  ,       0.9708200730383396  ,0.75
AIDS    ,kron                    ,             0.1 ,Gc_train_2_Gs_infer ,True        ,False        ,   512 ,          2 ,          2 ,    100 ,    300 ,        16 ,0.01   ,       4.742232758551836   ,0.75
AIDS    ,kron                    ,             0.1 ,Gc_train_2_Gs_infer ,True        ,False        ,   512 ,          2 ,          2 ,    100 ,    300 ,        16 ,0.1    ,     108.89213001728058    ,1.0
AIDS    ,kron                    ,             0.1 ,Gc_train_2_Gs_infer ,True        ,False        ,   512 ,          2 ,          2 ,    100 ,    300 ,        32 ,0.001  ,       0.6066499995067716  ,0.8
AIDS    ,kron                    ,             0.1 ,Gc_train_2_Gs_infer ,True        ,False        ,   512 ,          2 ,          2 ,    100 ,    300 ,        32 ,0.01   ,       4.402653455734253   ,0.75
AIDS    ,kron                    ,             0.1 ,Gc_train_2_Gs_infer ,True        ,False        ,   512 ,          2 ,          2 ,    100 ,    300 ,        32 ,0.1    ,      66.63394260406494    ,0.85
AIDS    ,kron                    ,             0.1 ,Gc_train_2_Gs_infer ,True        ,False        ,   512 ,          2 ,          2 ,    100 ,    300 ,       128 ,0.001  ,       0.4643879234790802  ,0.8362068965517241
AIDS    ,kron                    ,             0.1 ,Gc_train_2_Gs_infer ,True        ,False        ,   512 ,          2 ,          2 ,    100 ,    300 ,       128 ,0.01   ,       1.0105855017900467  ,0.8103448275862069
AIDS    ,kron                    ,             0.1 ,Gc_train_2_Gs_infer ,True        ,False        ,   512 ,          2 ,          2 ,    100 ,    300 ,       128 ,0.1    ,      19.422682523727417   ,0.8189655172413793
AIDS    ,kron                    ,             0.5 ,Gc_train_2_Gs_infer ,True        ,False        ,   512 ,          2 ,          2 ,    100 ,    300 ,         2 ,0.001  ,      43.62746887207031    ,0.5
AIDS    ,kron                    ,             0.5 ,Gc_train_2_Gs_infer ,True        ,False        ,   512 ,          2 ,          2 ,    100 ,    300 ,         2 ,0.01   ,     503.885611328125      ,1.0
AIDS    ,kron                    ,             0.5 ,Gc_train_2_Gs_infer ,True        ,False        ,   512 ,          2 ,          2 ,    100 ,    300 ,         2 ,0.1    ,    1864.280796875         ,0.5
AIDS    ,kron                    ,             0.5 ,Gc_train_2_Gs_infer ,True        ,False        ,   512 ,          2 ,          2 ,    100 ,    300 ,        16 ,0.001  ,       1.0048548439517617  ,0.5
AIDS    ,kron                    ,             0.5 ,Gc_train_2_Gs_infer ,True        ,False        ,   512 ,          2 ,          2 ,    100 ,    300 ,        16 ,0.01   ,      44.91460245847702    ,0.75
AIDS    ,kron                    ,             0.5 ,Gc_train_2_Gs_infer ,True        ,False        ,   512 ,          2 ,          2 ,    100 ,    300 ,        16 ,0.1    ,     178.0969404950738     ,0.75
AIDS    ,kron                    ,             0.5 ,Gc_train_2_Gs_infer ,True        ,False        ,   512 ,          2 ,          2 ,    100 ,    300 ,        32 ,0.001  ,       0.4048235537484288  ,0.85
AIDS    ,kron                    ,             0.5 ,Gc_train_2_Gs_infer ,True        ,False        ,   512 ,          2 ,          2 ,    100 ,    300 ,        32 ,0.01   ,      28.41707530617714    ,0.8
AIDS    ,kron                    ,             0.5 ,Gc_train_2_Gs_infer ,True        ,False        ,   512 ,          2 ,          2 ,    100 ,    300 ,        32 ,0.1    ,       7.159557178616524   ,0.65
AIDS    ,kron                    ,             0.5 ,Gc_train_2_Gs_infer ,True        ,False        ,   512 ,          2 ,          2 ,    100 ,    300 ,       128 ,0.001  ,       0.48075103759765625 ,0.7672413793103449
AIDS    ,kron                    ,             0.5 ,Gc_train_2_Gs_infer ,True        ,False        ,   512 ,          2 ,          2 ,    100 ,    300 ,       128 ,0.01   ,       0.9924974739551544  ,0.8362068965517241
AIDS    ,kron                    ,             0.5 ,Gc_train_2_Gs_infer ,True        ,False        ,   512 ,          2 ,          2 ,    100 ,    300 ,       128 ,0.1    ,      79.28843688964844    ,0.7758620689655172
AIDS    ,kron                    ,             0.9 ,Gc_train_2_Gs_infer ,True        ,False        ,   512 ,          2 ,          2 ,    100 ,    300 ,         2 ,0.001  ,      20.879976501464842   ,0.5
AIDS    ,kron                    ,             0.9 ,Gc_train_2_Gs_infer ,True        ,False        ,   512 ,          2 ,          2 ,    100 ,    300 ,         2 ,0.01   ,     338.5892824707031     ,1.0
AIDS    ,kron                    ,             0.9 ,Gc_train_2_Gs_infer ,True        ,False        ,   512 ,          2 ,          2 ,    100 ,    300 ,         2 ,0.1    ,    2039.31599609375       ,1.0
AIDS    ,kron                    ,             0.9 ,Gc_train_2_Gs_infer ,True        ,False        ,   512 ,          2 ,          2 ,    100 ,    300 ,        16 ,0.001  ,       0.5066241957247257  ,0.5
AIDS    ,kron                    ,             0.9 ,Gc_train_2_Gs_infer ,True        ,False        ,   512 ,          2 ,          2 ,    100 ,    300 ,        16 ,0.01   ,       2.74494756385684    ,0.75
AIDS    ,kron                    ,             0.9 ,Gc_train_2_Gs_infer ,True        ,False        ,   512 ,          2 ,          2 ,    100 ,    300 ,        16 ,0.1    ,       2.6893529146909714  ,0.75
AIDS    ,kron                    ,             0.9 ,Gc_train_2_Gs_infer ,True        ,False        ,   512 ,          2 ,          2 ,    100 ,    300 ,        32 ,0.001  ,       0.4456413108855486  ,0.8
AIDS    ,kron                    ,             0.9 ,Gc_train_2_Gs_infer ,True        ,False        ,   512 ,          2 ,          2 ,    100 ,    300 ,        32 ,0.01   ,      16.16522127389908    ,0.6
AIDS    ,kron                    ,             0.9 ,Gc_train_2_Gs_infer ,True        ,False        ,   512 ,          2 ,          2 ,    100 ,    300 ,        32 ,0.1    ,      11.962942272424698   ,0.9
AIDS    ,kron                    ,             0.9 ,Gc_train_2_Gs_infer ,True        ,False        ,   512 ,          2 ,          2 ,    100 ,    300 ,       128 ,0.001  ,       0.4579918384552002  ,0.8103448275862069
AIDS    ,kron                    ,             0.9 ,Gc_train_2_Gs_infer ,True        ,False        ,   512 ,          2 ,          2 ,    100 ,    300 ,       128 ,0.01   ,       0.5524189472198486  ,0.853448275862069
AIDS    ,kron                    ,             0.9 ,Gc_train_2_Gs_infer ,True        ,False        ,   512 ,          2 ,          2 ,    100 ,    300 ,       128 ,0.1    ,      75.7410478591919     ,0.8189655172413793
AIDS    ,variation_neighborhoods ,             0.3 ,Gc_train_2_Gs_infer ,True        ,False        ,   512 ,          2 ,          2 ,    100 ,    300 ,         2 ,0.01   ,     498.391779296875      ,0.5
AIDS    ,variation_neighborhoods ,             0.5 ,Gc_train_2_Gs_infer ,True        ,False        ,   512 ,          2 ,          2 ,    100 ,    300 ,         2 ,0.01   ,     508.6880390625        ,0.5
AIDS    ,variation_neighborhoods ,             0.5 ,Gs_train_2_Gs_infer ,True        ,False        ,   512 ,          2 ,          2 ,    100 ,    300 ,         2 ,0.01   ,     256.5459887695313     ,1.0
AIDS    ,variation_neighborhoods ,             0.5 ,Gc_train_2_Gs_infer ,True        ,False        ,   512 ,          2 ,          2 ,    100 ,    300 ,         2 ,0.01   ,       0.5232617473602295  ,1.0
AIDS    ,variation_neighborhoods ,             0.1 ,Gc_train_2_Gs_infer ,True        ,False        ,   512 ,          2 ,          2 ,    100 ,    300 ,        16 ,0.001  ,       0.5122301522642374  ,0.75
AIDS    ,variation_neighborhoods ,             0.5 ,Gs_train_2_Gs_infer ,True        ,False        ,   512 ,          2 ,          2 ,    100 ,    300 ,         2 ,0.001  ,       0.5132617473602294  ,1.0
AIDS    ,variation_neighborhoods ,             0.5 ,Gs_train_2_Gs_infer ,True        ,False        ,   512 ,          2 ,          2 ,    100 ,    300 ,         2 ,0.001  ,       0.5132617473602294  ,0.5
AIDS    ,variation_neighborhoods ,             0.5 ,Gc_train_2_Gs_infer ,True        ,False        ,   512 ,          2 ,          2 ,    100 ,    300 ,       128 ,0.001  ,       0.5514423847198486  ,0.7241379310344828
AIDS    ,variation_neighborhoods ,             0.5 ,Gc_train_2_Gs_infer ,True        ,False        ,   512 ,          2 ,          2 ,    100 ,    300 ,         2 ,0.001  ,       0.5172617473602295  ,0.5
AIDS    ,variation_neighborhoods ,             0.5 ,Gc_train_2_Gs_infer ,True        ,False        ,   512 ,          2 ,          2 ,    100 ,    300 ,         2 ,0.0001 ,       0.4932617473602295  ,1.0
AIDS    ,variation_neighborhoods ,             0.5 ,Gs_train_2_Gs_infer ,True        ,False        ,   512 ,          2 ,          2 ,    100 ,    300 ,         2 ,0.0001 ,       0.4932617473602295  ,0.5
