dataset ,coarsening_method       ,coarsening_ratio ,experiment ,exp_setup           ,extra_nodes ,cluster_node ,community_used ,hidden ,runs ,num_layers ,batch_size ,lr     ,ave_acc                                      ,ave_time              ,top_10_acc                                   ,best_acc           ,top_10_loss                                      ,best_loss
cora    ,variation_neighborhoods ,             0.5 ,fixed      ,Gc_train_2_Gs_infer ,False       ,True         ,False          ,   512 ,   1 ,         2 ,       128 ,0.01   ,0.635 +/- 0.0                                ,0.02714371681213379   ,0.635 +/- 0.0                                ,0.635              ,0.1382328470547994 +/- 0.0                       ,0.1382328470547994
cora    ,variation_neighborhoods ,             0.5 ,fixed      ,Gc_train_2_Gs_infer ,False       ,True         ,False          ,   512 ,   1 ,         2 ,       128 ,0.01   ,0.59 +/- 0.0                                 ,0.027715444564819336  ,0.59 +/- 0.0                                 ,0.59               ,0.13665915528933206 +/- 0.0                      ,0.13665915528933206
cora    ,variation_neighborhoods ,             0.5 ,fixed      ,Gc_train_2_Gs_infer ,False       ,True         ,False          ,   512 ,   1 ,         2 ,       128 ,0.01   ,0.68 +/- 0.0                                 ,0.03662300109863281   ,0.68 +/- 0.0                                 ,0.68               ,0.13644294937451681 +/- 0.0                      ,0.13644294937451681
cora    ,variation_neighborhoods ,             0.5 ,fixed      ,Gc_train_2_Gs_infer ,False       ,True         ,False          ,   512 ,   1 ,         2 ,       128 ,0.01   ,0.635 +/- 0.0                                ,0.02605748176574707   ,0.635 +/- 0.0                                ,0.635              ,0.1353130837281545 +/- 0.0                       ,0.1353130837281545
cora    ,variation_neighborhoods ,             0.5 ,fixed      ,Gc_train_2_Gs_infer ,False       ,True         ,False          ,   512 ,  20 ,         2 ,       128 ,0.01   ,0.7610500000000001 +/- 0.017970740107185364  ,0.031149125099182128  ,0.7753000000000001 +/- 0.010383159442096621  ,0.794              ,0.6034680193120783 +/- 0.05032784042526247       ,0.4844714945012873
cora    ,variation_neighborhoods ,             0.3 ,fixed      ,Gc_train_2_Gs_infer ,False       ,True         ,False          ,   512 ,  20 ,         2 ,       128 ,0.01   ,0.7706500000000001 +/- 0.01209659042871173   ,0.016554737091064455  ,0.7802 +/- 0.005963220606350235              ,0.796              ,0.8001693044389997 +/- 0.0661489636039463        ,0.7143094880240304
cora    ,variation_neighborhoods ,             0.1 ,fixed      ,Gc_train_2_Gs_infer ,False       ,True         ,False          ,   512 ,  20 ,         2 ,       128 ,0.01   ,0.6878 +/- 0.013724430771438175              ,0.006541407108306885  ,0.6989 +/- 0.008455175929571162              ,0.714              ,2.476572450002034 +/- 0.2777183103625007         ,1.8964355786641438
cora    ,variation_neighborhoods ,             0.1 ,fixed      ,Gc_train_2_Gs_infer ,False       ,True         ,False          ,   512 ,  20 ,         2 ,       128 ,0.01   ,0.6003999999999999 +/- 0.038101705998550776  ,0.006384861469268799  ,0.6236 +/- 0.010716342659695061              ,0.643              ,5.075693130493163 +/- 0.7485313962905591         ,3.5560919443766275
cora    ,variation_neighborhoods ,             0.3 ,fixed      ,Gc_train_2_Gs_infer ,False       ,True         ,False          ,   512 ,  20 ,         2 ,       128 ,0.01   ,0.73075 +/- 0.009522998477370464             ,0.013385617733001709  ,0.7386999999999999 +/- 0.0063882705014737815 ,0.749              ,1.0147176333836145 +/- 0.09847339067788481       ,0.8066470963614327
cora    ,variation_neighborhoods ,             0.5 ,fixed      ,Gc_train_2_Gs_infer ,False       ,True         ,False          ,   512 ,   1 ,         2 ,       128 ,0.01   ,0.751 +/- 0.0                                ,0.266218900680542     ,0.751 +/- 0.0                                ,0.751              ,0.4780648404901678 +/- 0.0                       ,0.4780648404901678
cora    ,variation_neighborhoods ,             0.5 ,fixed      ,Gs_train_2_Gs_infer ,False       ,True         ,False          ,   512 ,   1 ,         2 ,       128 ,0.01   ,0.767 +/- 0.0                                ,0.6029200553894043    ,0.767 +/- 0.0                                ,0.767              ,0.0700638781894337 +/- 0.0                       ,0.0700638781894337
cora    ,variation_neighborhoods ,             0.5 ,fixed      ,Gs_train_2_Gs_infer ,False       ,True         ,False          ,   512 ,   1 ,         2 ,       128 ,0.01   ,0.727 +/- 0.0                                ,0.36867260932922363   ,0.727 +/- 0.0                                ,0.727              ,0.07948600162159312 +/- 0.0                      ,0.07948600162159312
cora    ,variation_neighborhoods ,             0.5 ,fixed      ,Gc_train_2_Gs_infer ,False       ,True         ,False          ,   512 ,   1 ,         2 ,       128 ,0.01   ,0.744 +/- 0.0                                ,0.6385669708251953    ,0.744 +/- 0.0                                ,0.744              ,0.6058734547008168 +/- 0.0                       ,0.6058734547008168
cora    ,variation_neighborhoods ,             0.5 ,fixed      ,Gs_train_2_Gs_infer ,False       ,True         ,False          ,   512 ,   1 ,         2 ,       128 ,0.0001 ,0.79 +/- 0.0                                 ,0.886725902557373     ,0.79 +/- 0.0                                 ,0.79               ,0.08848880095915361 +/- 0.0                      ,0.08848880095915361
cora    ,variation_neighborhoods ,             0.5 ,fixed      ,Gs_train_2_Gs_infer ,False       ,True         ,False          ,   512 ,   1 ,         2 ,       128 ,0.001  ,0.807 +/- 0.0                                ,0.34342002868652344   ,0.807 +/- 0.0                                ,0.807              ,0.0513020320372148 +/- 0.0                       ,0.0513020320372148
cora    ,variation_neighborhoods ,             0.1 ,fixed      ,Gs_train_2_Gs_infer ,False       ,True         ,False          ,   512 ,   1 ,         2 ,       128 ,0.001  ,0.782 +/- 0.0                                ,0.013790130615234375  ,0.782 +/- 0.0                                ,0.782              ,0.2023328940073649 +/- 0.0                       ,0.2023328940073649
cora    ,variation_neighborhoods ,             0.1 ,fixed      ,Gc_train_2_Gs_infer ,False       ,True         ,False          ,   512 ,   1 ,         2 ,       128 ,0.001  ,0.577 +/- 0.0                                ,0.014570236206054688  ,0.577 +/- 0.0                                ,0.577              ,6.59633191426595 +/- 0.0                         ,6.59633191426595
cora    ,variation_neighborhoods ,             0.1 ,fixed      ,Gs_train_2_Gs_infer ,False       ,True         ,False          ,   512 ,   1 ,         2 ,       128 ,0.0001 ,0.785 +/- 0.0                                ,0.007466316223144531  ,0.785 +/- 0.0                                ,0.785              ,0.21210360527038574 +/- 0.0                      ,0.21210360527038574
cora    ,variation_neighborhoods ,             0.1 ,fixed      ,Gs_train_2_Gs_infer ,False       ,True         ,False          ,   512 ,   1 ,         2 ,       128 ,0.001  ,0.786 +/- 0.0                                ,0.007633209228515625  ,0.786 +/- 0.0                                ,0.786              ,0.2013084888458252 +/- 0.0                       ,0.2013084888458252
cora    ,variation_edges         ,             0.5 ,fixed      ,Gc_train_2_Gs_infer ,False       ,True         ,False          ,   512 ,   1 ,         2 ,       128 ,0.01   ,0.501 +/- 0.0                                ,0.027712345123291016  ,0.501 +/- 0.0                                ,0.501              ,1.1896047592163086 +/- 0.0                       ,1.1896047592163086
cora    ,variation_neighborhoods ,             0.5 ,fixed      ,Gc_train_2_Gs_infer ,False       ,True         ,False          ,   512 ,   1 ,         2 ,       128 ,0.01   ,0.79 +/- 0.0                                 ,0.465623140335083     ,0.79 +/- 0.0                                 ,0.79               ,0.061969534917311234 +/- 0.0                     ,0.061969534917311234
cora    ,variation_neighborhoods ,             0.5 ,fixed      ,Gc_train_2_Gs_infer ,False       ,True         ,False          ,   512 ,   1 ,         2 ,       128 ,0.01   ,0.789 +/- 0.0                                ,0.27816247940063477   ,0.789 +/- 0.0                                ,0.789              ,0.09076411615718495 +/- 0.0                      ,0.09076411615718495
cora    ,variation_neighborhoods ,             0.5 ,fixed      ,Gc_train_2_Gs_infer ,False       ,True         ,False          ,   512 ,   1 ,         2 ,       128 ,0.01   ,0.774 +/- 0.0                                ,0.24455904960632324   ,0.774 +/- 0.0                                ,0.774              ,0.06707629290494052 +/- 0.0                      ,0.06707629290494052
cora    ,variation_neighborhoods ,             0.5 ,fixed      ,Gc_train_2_Gs_infer ,False       ,True         ,False          ,   512 ,   1 ,         2 ,       128 ,0.01   ,0.743 +/- 0.0                                ,0.2380051612854004    ,0.743 +/- 0.0                                ,0.743              ,0.06955588947642934 +/- 0.0                      ,0.06955588947642934
cora    ,variation_neighborhoods ,             0.5 ,fixed      ,Gc_train_2_Gs_infer ,False       ,True         ,False          ,   512 ,   1 ,         2 ,       128 ,0.01   ,0.76 +/- 0.0                                 ,0.10178613662719727   ,0.76 +/- 0.0                                 ,0.76               ,0.07097122885964134 +/- 0.0                      ,0.07097122885964134
cora    ,variation_neighborhoods ,             0.5 ,fixed      ,Gs_train_2_Gs_infer ,False       ,True         ,False          ,   512 ,   1 ,         2 ,       128 ,0.01   ,0.817 +/- 0.0                                ,0.3308577537536621    ,0.817 +/- 0.0                                ,0.817              ,0.06098852374336936 +/- 0.0                      ,0.06098852374336936


cora    ,variation_neighborhoods ,             0.1 ,fixed      ,Gc_train_2_Gs_infer ,False       ,True         ,False          ,   512 ,  20 ,         2 ,       128 ,0.01   ,0.6147499999999999 +/- 0.029471808563439075  ,0.008169126510620118  ,0.6401 +/- 0.01315636727976231               ,0.658              ,4.226208337148031 +/- 0.6017492168639731         ,3.3102636337280273
cora    ,variation_neighborhoods ,             0.3 ,fixed      ,Gc_train_2_Gs_infer ,False       ,True         ,False          ,   512 ,  20 ,         2 ,       128 ,0.01   ,0.73005 +/- 0.013955196164869928             ,0.017682790756225586  ,0.741 +/- 0.008258329128825037               ,0.759              ,1.0411300727299282 +/- 0.07368552644291682       ,0.9076873915536063
cora    ,algebraic_JC            ,             0.1 ,fixed      ,Gc_train_2_Gs_infer ,False       ,True         ,False          ,   512 ,  20 ,         2 ,       128 ,0.01   ,0.39415000000000006 +/- 0.016760891981037283 ,0.007641828060150147  ,0.4046 +/- 0.00576541412215981               ,0.414              ,6.534320259094239 +/- 0.4414811822469126         ,5.551171620686849
cora    ,algebraic_JC            ,             0.3 ,fixed      ,Gc_train_2_Gs_infer ,False       ,True         ,False          ,   512 ,  20 ,         2 ,       128 ,0.01   ,0.43294999999999995 +/- 0.006719188939150326 ,0.01831551790237427   ,0.43760000000000004 +/- 0.005180733538795452 ,0.448              ,2.540490886143276 +/- 0.17084827620064977        ,2.293743678501674
cora    ,kron                    ,             0.1 ,fixed      ,Gc_train_2_Gs_infer ,False       ,True         ,False          ,   512 ,  20 ,         2 ,       128 ,0.01   ,0.36035000000000006 +/- 0.040905103593561525 ,0.0077914237976074215 ,0.39030000000000004 +/- 0.007523961722390666 ,0.407              ,7.52934061686198 +/- 0.942324895838016           ,5.469635009765625
cora    ,kron                    ,             0.3 ,fixed      ,Gc_train_2_Gs_infer ,False       ,True         ,False          ,   512 ,  20 ,         2 ,       128 ,0.01   ,0.40995 +/- 0.011438859208854688             ,0.016673922538757324  ,0.41949999999999993 +/- 0.004031128874149278 ,0.426              ,2.504886341094971 +/- 0.12058216005764139        ,2.2305454526628767
cora    ,variation_neighborhoods ,             0.1 ,fixed      ,Gs_train_2_Gs_infer ,False       ,True         ,False          ,   512 ,  20 ,         2 ,       128 ,0.0001 ,0.7829000000000002 +/- 0.0030479501308256366 ,0.0069623589515686035 ,0.7852 +/- 0.002227105745132011              ,0.79               ,0.20531235734621686 +/- 0.0008854444561398006    ,0.20356700817743936
cora    ,variation_neighborhoods ,             0.3 ,fixed      ,Gs_train_2_Gs_infer ,False       ,True         ,False          ,   512 ,  20 ,         2 ,       128 ,0.0001 ,0.7814 +/- 0.004800000000000004              ,0.01780104637145996   ,0.7854 +/- 0.0034117444218463994             ,0.792              ,0.09784548367772784 +/- 0.0006647473233612061    ,0.09683725663593837
cora    ,algebraic_JC            ,             0.1 ,fixed      ,Gs_train_2_Gs_infer ,False       ,True         ,False          ,   512 ,  20 ,         2 ,       128 ,0.0001 ,0.42699999999999994 +/- 0.004898979485566361 ,0.007417821884155273  ,0.4311 +/- 0.0030805843601498756             ,0.439              ,0.5271560390790303 +/- 0.00156319809412372       ,0.5231632788976034
cora    ,algebraic_JC            ,             0.3 ,fixed      ,Gs_train_2_Gs_infer ,False       ,True         ,False          ,   512 ,  20 ,         2 ,       128 ,0.0001 ,0.5256000000000001 +/- 0.008046117075956583  ,0.016729533672332764  ,0.5321 +/- 0.00578705451849212               ,0.544              ,0.18981678315571376 +/- 0.0007175210838636996    ,0.18848405565534318
cora    ,kron                    ,             0.1 ,fixed      ,Gs_train_2_Gs_infer ,False       ,True         ,False          ,   512 ,  20 ,         2 ,       128 ,0.0001 ,0.3959500000000001 +/- 0.007269628601242301  ,0.007151579856872559  ,0.402 +/- 0.0018973665961010296              ,0.406              ,0.539676288763682 +/- 0.002009681410547754       ,0.5365939935048422
cora    ,kron                    ,             0.3 ,fixed      ,Gs_train_2_Gs_infer ,False       ,True         ,False          ,   512 ,  20 ,         2 ,       128 ,0.0001 ,0.38020000000000004 +/- 0.005528109984434106 ,0.017098140716552735  ,0.38469999999999993 +/- 0.004100000000000004 ,0.391              ,0.2335283705166408 +/- 0.0011472110429440793     ,0.23108909811292375

cora    ,variation_neighborhoods ,             0.1 ,fixed      ,Gs_train_2_Gs_infer ,False       ,True         ,False          ,   512 ,  20 ,         2 ,       128 ,0.01   ,0.7941 +/- 0.013464397498588642              ,0.006137299537658692  ,0.8042000000000001 +/- 0.004894895300208151  ,0.813              ,0.21672942241032916 +/- 0.004521016721556364     ,0.20803821086883545
cora    ,variation_neighborhoods ,             0.3 ,fixed      ,Gs_train_2_Gs_infer ,False       ,True         ,False          ,   512 ,  20 ,         2 ,       128 ,0.01   ,0.76485 +/- 0.025938918635903103             ,0.015388667583465576  ,0.7853 +/- 0.002865309756378883              ,0.792              ,0.10857473271233695 +/- 0.0078106534158555565    ,0.09009976046425956
cora    ,algebraic_JC            ,             0.1 ,fixed      ,Gs_train_2_Gs_infer ,False       ,True         ,False          ,   512 ,  20 ,         2 ,       128 ,0.01   ,0.27275000000000005 +/- 0.10028802271457941  ,0.007584702968597412  ,0.3529 +/- 0.07877239364142745               ,0.439              ,0.6661250511805216 +/- 0.020380410639883283      ,0.6189103523890177
cora    ,algebraic_JC            ,             0.3 ,fixed      ,Gs_train_2_Gs_infer ,False       ,True         ,False          ,   512 ,  20 ,         2 ,       128 ,0.01   ,0.48199999999999993 +/- 0.04334512660034574  ,0.014685392379760742  ,0.5179 +/- 0.01852268878969791               ,0.557              ,0.21769364050456455 +/- 0.0070036415069827       ,0.2054680585861206
cora    ,kron                    ,             0.1 ,fixed      ,Gs_train_2_Gs_infer ,False       ,True         ,False          ,   512 ,  20 ,         2 ,       128 ,0.01   ,0.3730999999999999 +/- 0.05815659893769579   ,0.007203197479248047  ,0.4182 +/- 0.006273754856543244              ,0.431              ,0.598086154460907 +/- 0.02160767826481072        ,0.5532423655192057
cora    ,kron                    ,             0.3 ,fixed      ,Gs_train_2_Gs_infer ,False       ,True         ,False          ,   512 ,  20 ,         2 ,       128 ,0.01   ,0.36920000000000003 +/- 0.02835595175620103  ,0.01501084566116333   ,0.3922 +/- 0.008388086790204302              ,0.41               ,0.2651957665170942 +/- 0.014996727899558533      ,0.23077390875135148

cora    ,variation_neighborhoods ,             0.1 ,fixed      ,Gs_train_2_Gs_infer ,False       ,True         ,False          ,   512 ,  20 ,         2 ,       128 ,0.01   ,0.7901999999999999 +/- 0.02237990169772872   ,0.007122325897216797  ,0.821 +/- 0.0033763886032268293              ,0.826              ,0.2184005876382192 +/- 0.003474961134746443      ,0.21108460426330566
cora    ,variation_neighborhoods ,             0.3 ,fixed      ,Gs_train_2_Gs_infer ,False       ,True         ,False          ,   512 ,  20 ,         2 ,       128 ,0.01   ,0.7995500000000002 +/- 0.02194646896427762   ,0.013629913330078125  ,0.8031 +/- 0.005923681287847959              ,0.818              ,0.10211879696164812 +/- 0.005608134097734546     ,0.09420991795403617
cora    ,algebraic_JC            ,             0.1 ,fixed      ,Gs_train_2_Gs_infer ,False       ,True         ,False          ,   512 ,  20 ,         2 ,       128 ,0.01   ,0.79635 +/- 0.042322895694883636             ,0.006830441951751709  ,0.8274 +/- 0.0061188234163113                ,0.829              ,0.24092385371526084 +/- 0.007344805354627112     ,0.223457137743632
cora    ,algebraic_JC            ,             0.3 ,fixed      ,Gs_train_2_Gs_infer ,False       ,True         ,False          ,   512 ,  20 ,         2 ,       128 ,0.01   ,0.7866500000000001 +/- 0.021677811236377183  ,0.011816811561584473  ,0.8045 +/- 0.0038794329482541683             ,0.811              ,0.11068108777205148 +/- 0.005559697341344637     ,0.09447401762008667
cora    ,kron                    ,             0.1 ,fixed      ,Gs_train_2_Gs_infer ,False       ,True         ,False          ,   512 ,  20 ,         2 ,       128 ,0.01   ,0.7512 +/- 0.009532051195833988              ,0.007966160774230957  ,0.7585999999999998 +/- 0.004630334761116094  ,0.767              ,0.3335538566112518 +/- 0.008971825288004321      ,0.3182784716288249
cora    ,kron                    ,             0.3 ,fixed      ,Gs_train_2_Gs_infer ,False       ,True         ,False          ,   512 ,  20 ,         2 ,       128 ,0.01   ,0.779 +/- 0.036848337818685954               ,0.010508239269256592  ,0.8 +/- 0.0021447610589527236                ,0.804              ,0.12723677953084309 +/- 0.005139640175261365     ,0.112711767355601
cora    ,variation_edges         ,             0.1 ,fixed      ,Gs_train_2_Gs_infer ,False       ,True         ,False          ,   512 ,  20 ,         2 ,       128 ,0.01   ,0.70375 +/- 0.04330228054040572              ,0.008335864543914795  ,0.7366999999999999 +/- 0.012288612614937466  ,0.758              ,0.3517703473567963 +/- 0.020203208506020604      ,0.3255636692047119
cora    ,variation_edges         ,             0.3 ,fixed      ,Gs_train_2_Gs_infer ,False       ,True         ,False          ,   512 ,  20 ,         2 ,       128 ,0.01   ,0.7520499999999999 +/- 0.02541156232898718   ,0.012159359455108643  ,0.7734 +/- 0.006829348431585555              ,0.782              ,0.17112573266029357 +/- 0.004395400389511722     ,0.1604897379875183
cora    ,variation_cliques       ,             0.1 ,fixed      ,Gs_train_2_Gs_infer ,False       ,True         ,False          ,   512 ,  20 ,         2 ,       128 ,0.01   ,0.45425000000000004 +/- 0.07337020853180123  ,0.009121406078338622  ,0.4842000000000001 +/- 0.006720119046564583  ,0.499              ,0.5911147554715475 +/- 0.02697256624514527       ,0.5405409733454386
cora    ,variation_cliques       ,             0.3 ,fixed      ,Gs_train_2_Gs_infer ,False       ,True         ,False          ,   512 ,  20 ,         2 ,       128 ,0.01   ,0.4306 +/- 0.04637822765048271               ,0.01749962568283081   ,0.4713 +/- 0.012923234889144427              ,0.481              ,0.24893932001931324 +/- 0.009089374386290651     ,0.23194156374250138
cora    ,heavy_edge              ,             0.1 ,fixed      ,Gs_train_2_Gs_infer ,False       ,True         ,False          ,   512 ,  20 ,         2 ,       128 ,0.01   ,0.72665 +/- 0.0321282974961326               ,0.007094371318817139  ,0.7515000000000001 +/- 0.01246795893480566   ,0.77               ,0.3168069581190745 +/- 0.0205523807027769        ,0.2848440408706665
cora    ,heavy_edge              ,             0.3 ,fixed      ,Gs_train_2_Gs_infer ,False       ,True         ,False          ,   512 ,  20 ,         2 ,       128 ,0.01   ,0.77375 +/- 0.033756295709097016             ,0.010084080696105956  ,0.8016000000000002 +/- 0.00960416576283437   ,0.813              ,0.13864850282669067 +/- 0.0041404602644848285    ,0.12866367101669313
cora    ,variation_neighborhoods ,             0.1 ,fixed      ,Gs_train_2_Gs_infer ,False       ,True         ,False          ,   512 ,   5 ,         2 ,         1 ,0.0001 ,0.7840000000000001 +/- 0.006033241251599347  ,0.40130438804626467   ,0.784 +/- 0.006033241251599348               ,0.789              ,0.0027488177087571885 +/- 2.4853259500069244e-05 ,0.0027052874035305447
cora    ,variation_neighborhoods ,             0.1 ,fixed      ,Gs_train_2_Gs_infer ,False       ,True         ,False          ,   512 ,   5 ,         2 ,         1 ,0.001  ,0.7864000000000001 +/- 0.00542586398650022   ,0.4427060127258301    ,0.7864000000000001 +/- 0.00542586398650022   ,0.793              ,0.0026753228505452475 +/- 2.073451814593826e-05  ,0.0026573941442701553
cora    ,variation_neighborhoods ,             0.1 ,fixed      ,Gs_train_2_Gs_infer ,False       ,True         ,False          ,   512 ,   5 ,         2 ,         1 ,0.01   ,0.7902 +/- 0.022121482771279163              ,0.41127800941467285   ,0.7902 +/- 0.022121482771279163              ,0.809              ,0.003032470597161187 +/- 0.00015609656291148082  ,0.0028901163736979167
cora    ,variation_neighborhoods ,             0.1 ,fixed      ,Gs_train_2_Gs_infer ,False       ,True         ,False          ,   512 ,   5 ,         2 ,         8 ,0.0001 ,0.7838 +/- 0.003310589071449373              ,0.09870781898498535   ,0.7838 +/- 0.003310589071449373              ,0.788              ,0.01821975778130924 +/- 9.546959978569019e-05    ,0.018124061472275677
cora    ,variation_neighborhoods ,             0.1 ,fixed      ,Gs_train_2_Gs_infer ,False       ,True         ,False          ,   512 ,   5 ,         2 ,         8 ,0.001  ,0.7849999999999999 +/- 0.0058991524815010556 ,0.08461666107177734   ,0.785 +/- 0.0058991524815010556              ,0.791              ,0.01778104270205778 +/- 0.00027026575187790017   ,0.017314796938615686
cora    ,variation_neighborhoods ,             0.1 ,fixed      ,Gs_train_2_Gs_infer ,False       ,True         ,False          ,   512 ,   5 ,         2 ,         8 ,0.01   ,0.7958000000000001 +/- 0.008795453370918417  ,0.059369802474975586  ,0.7958000000000001 +/- 0.008795453370918417  ,0.802              ,0.02041401933221256 +/- 0.0013656409815591376    ,0.019385956666048837
cora    ,variation_neighborhoods ,             0.1 ,fixed      ,Gs_train_2_Gs_infer ,False       ,True         ,False          ,   512 ,   5 ,         2 ,        32 ,0.0001 ,0.7852 +/- 0.0019390719429665335             ,0.017683696746826173  ,0.7852 +/- 0.0019390719429665333             ,0.788              ,0.06819300784005058 +/- 0.0005756369864646987    ,0.06758013036515978
cora    ,variation_neighborhoods ,             0.1 ,fixed      ,Gs_train_2_Gs_infer ,False       ,True         ,False          ,   512 ,   5 ,         2 ,        32 ,0.001  ,0.7870000000000001 +/- 0.004604345773288539  ,0.04088883399963379   ,0.7870000000000001 +/- 0.004604345773288539  ,0.794              ,0.06701387299431695 +/- 0.0008960252821741731    ,0.06594583061006334
cora    ,variation_neighborhoods ,             0.1 ,fixed      ,Gs_train_2_Gs_infer ,False       ,True         ,False          ,   512 ,   5 ,         2 ,        32 ,0.01   ,0.798 +/- 0.010059821071967406               ,0.01762557029724121   ,0.798 +/- 0.010059821071967406               ,0.814              ,0.0770226412349277 +/- 0.005264784636264316      ,0.07127915488349067
cora    ,variation_neighborhoods ,             0.1 ,fixed      ,Gs_train_2_Gs_infer ,False       ,True         ,False          ,   512 ,   5 ,         2 ,       128 ,0.0001 ,0.7836000000000001 +/- 0.0034985711369071833 ,0.006724023818969726  ,0.7836000000000001 +/- 0.0034985711369071833 ,0.788              ,0.20662127335866293 +/- 0.0009738738592104288    ,0.20491274197896323
cora    ,variation_neighborhoods ,             0.1 ,fixed      ,Gs_train_2_Gs_infer ,False       ,True         ,False          ,   512 ,   5 ,         2 ,       128 ,0.001  ,0.7852000000000001 +/- 0.004833218389437833  ,0.006474065780639649  ,0.7852 +/- 0.004833218389437833              ,0.792              ,0.20273896853129067 +/- 0.002667164447671836     ,0.1992372473080953
cora    ,variation_neighborhoods ,             0.1 ,fixed      ,Gs_train_2_Gs_infer ,False       ,True         ,False          ,   512 ,   5 ,         2 ,       128 ,0.01   ,0.8026 +/- 0.009350935782048752              ,0.0070229053497314455 ,0.8026 +/- 0.009350935782048752              ,0.813              ,0.21989275614420573 +/- 0.00900379471238815      ,0.21175746122996011
cora    ,variation_neighborhoods ,             0.3 ,fixed      ,Gs_train_2_Gs_infer ,False       ,True         ,False          ,   512 ,   5 ,         2 ,         1 ,0.0001 ,0.7756000000000001 +/- 0.0034409301068170535 ,1.18427472114563      ,0.7756000000000001 +/- 0.0034409301068170535 ,0.78               ,0.001232640471746913 +/- 6.011050252607581e-06   ,0.0012238034149930146
cora    ,variation_neighborhoods ,             0.3 ,fixed      ,Gs_train_2_Gs_infer ,False       ,True         ,False          ,   512 ,   5 ,         2 ,         1 ,0.001  ,0.7926000000000001 +/- 0.002653299832284322  ,1.8977695941925048    ,0.7926 +/- 0.002653299832284322              ,0.797              ,0.0011446158020521821 +/- 1.1462695789829367e-05 ,0.0011282165491708232
cora    ,variation_neighborhoods ,             0.3 ,fixed      ,Gs_train_2_Gs_infer ,False       ,True         ,False          ,   512 ,   5 ,         2 ,         1 ,0.01   ,0.7776000000000001 +/- 0.01217538500417955   ,2.1824176788330076    ,0.7776 +/- 0.012175385004179551              ,0.788              ,0.0014460578083567773 +/- 3.644299735507639e-05  ,0.0013820943671189168
cora    ,variation_neighborhoods ,             0.3 ,fixed      ,Gs_train_2_Gs_infer ,False       ,True         ,False          ,   512 ,   5 ,         2 ,         8 ,0.0001 ,0.7830000000000001 +/- 0.003033150177620623  ,0.5236216068267823    ,0.783 +/- 0.003033150177620623               ,0.788              ,0.006761000553766885 +/- 5.073512595756709e-05   ,0.0066990116063286274
cora    ,variation_neighborhoods ,             0.3 ,fixed      ,Gs_train_2_Gs_infer ,False       ,True         ,False          ,   512 ,   5 ,         2 ,         8 ,0.001  ,0.7912000000000001 +/- 0.003709447398198285  ,0.36545696258544924   ,0.7911999999999999 +/- 0.003709447398198285  ,0.794              ,0.00631305972735087 +/- 5.1220462105510345e-05   ,0.006266031195135678
cora    ,variation_neighborhoods ,             0.3 ,fixed      ,Gs_train_2_Gs_infer ,False       ,True         ,False          ,   512 ,   5 ,         2 ,         8 ,0.01   ,0.7790000000000001 +/- 0.00669328021227261   ,0.1901792526245117    ,0.779 +/- 0.00669328021227261                ,0.79               ,0.007821504391875922 +/- 0.0002472407542516551   ,0.0074172411479201976
cora    ,variation_neighborhoods ,             0.3 ,fixed      ,Gs_train_2_Gs_infer ,False       ,True         ,False          ,   512 ,   5 ,         2 ,        32 ,0.0001 ,0.7792 +/- 0.003969886648255845              ,0.0660334587097168    ,0.7792 +/- 0.003969886648255845              ,0.784              ,0.026545684612714327 +/- 0.00018838779781035373  ,0.026203643817168016
cora    ,variation_neighborhoods ,             0.3 ,fixed      ,Gs_train_2_Gs_infer ,False       ,True         ,False          ,   512 ,   5 ,         2 ,        32 ,0.001  ,0.7978000000000002 +/- 0.004354308211415452  ,0.05872821807861328   ,0.7978000000000002 +/- 0.004354308211415452  ,0.802              ,0.024539161186951857 +/- 0.00017361417561948065  ,0.024306313349650457
cora,variation_neighborhoods,0.1,fixed,Gs_train_2_Gs_infer,False,True,False,512,5,2,1,0.01,0.8022 +/- 0.0054918120870983975,0.4494000434875488,0.8022000000000002 +/- 0.005491812087098397, 0.81, 0.0029190218713548446 +/- 4.526864143015115e-05, 0.0028572890493604873
cora,variation_neighborhoods,0.1,fixed,Gs_train_2_Gs_infer,False,True,False,512,5,2,128,0.01,0.8033999999999999 +/- 0.008014985963805525,0.006373310089111328,0.8034000000000001 +/- 0.008014985963805525, 0.815, 0.22471095323562623 +/- 0.0175745508912235, 0.20755145947138467
cora,variation_neighborhoods,0.1,fixed,Gs_train_2_Gs_infer,False,True,False,512,3,2,1,0.01,0.18133333333333335 +/- 0.04099051380773633,0.43222951889038086,0.18133333333333335 +/- 0.04099051380773633, 0.226, 0.00792860366680004 +/- 0.00013514308982025698, 0.007782990137736002
cora,variation_neighborhoods,0.1,fixed,Gs_train_2_Gs_infer,False,True,False,512,3,2,128,0.01,0.18300000000000002 +/- 0.018184242262647803,0.006436347961425781,0.18300000000000002 +/- 0.018184242262647803, 0.207, 0.5968763563368055 +/- 0.009514295343446385, 0.584298849105835
cora,variation_neighborhoods,0.1,fixed,Gs_train_2_Gs_infer,False,True,False,512,3,2,1,0.01,0.24866666666666667 +/- 0.03395421754199158,0.3420412540435791,0.24866666666666667 +/- 0.03395421754199158, 0.296, 0.00766148637842249 +/- 0.00028388937943735226, 0.007261765797932943
cora,variation_neighborhoods,0.1,fixed,Gs_train_2_Gs_infer,False,True,False,512,3,2,128,0.01,0.18166666666666664 +/- 0.033638602164114295,0.006812651952107747,0.18166666666666667 +/- 0.033638602164114295, 0.213, 0.620830257733663 +/- 0.04225817836175023, 0.5880535443623861
cora,variation_neighborhoods,0.1,fixed,Gc_train_2_Gs_infer,False,True,False,512,1,2,128,0.01,0.095 +/- 0.0,0.0083465576171875,0.095 +/- 0.0, 0.095, 3.0789241790771484 +/- 0.0, 3.0789241790771484
cora,variation_neighborhoods,0.1,fixed,Gc_train_2_Gs_infer,True,False,False,512,1,2,128,0.01,0.094 +/- 0.0,0.00734257698059082,0.094 +/- 0.0, 0.094, 2.282954216003418 +/- 0.0, 2.282954216003418
cora,variation_neighborhoods,0.1,fixed,Gs_train_2_Gs_infer,False,True,False,512,1,2,128,0.01,0.535 +/- 0.0,0.00905919075012207,0.535 +/- 0.0, 0.535, 1.7377136945724487 +/- 0.0, 1.7377136945724487
cora,variation_neighborhoods,0.1,fixed,Gs_train_2_Gs_infer,True,False,False,512,1,2,128,0.01,0.792 +/- 0.0,0.0075299739837646484,0.792 +/- 0.0, 0.792, 0.7982773780822754 +/- 0.0, 0.7982773780822754
cora,variation_neighborhoods,0.1,fixed,Gc_train_2_Gs_train,False,True,False,512,1,2,128,0.01,0.615 +/- 0.0,0.007345914840698242,0.615 +/- 0.0, 0.615, 1.38129460811615 +/- 0.0, 1.38129460811615
cora,variation_neighborhoods,0.1,fixed,Gc_train_2_Gs_train,True,False,False,512,1,2,128,0.01,0.53 +/- 0.0,0.008349418640136719,0.53 +/- 0.0, 0.53, 1.3570866584777832 +/- 0.0, 1.3570866584777832
cora,variation_neighborhoods,0.1,fixed,Gc_train_2_Gs_infer,False,True,False,512,1,2,128,0.01,0.094 +/- 0.0,0.008569002151489258,0.094 +/- 0.0, 0.094, 3.0068459510803223 +/- 0.0, 3.0068459510803223
cora,variation_neighborhoods,0.1,fixed,Gc_train_2_Gs_infer,True,False,False,512,1,2,128,0.01,0.094 +/- 0.0,0.008530378341674805,0.094 +/- 0.0, 0.094, 2.2142860889434814 +/- 0.0, 2.2142860889434814
cora,variation_neighborhoods,0.1,fixed,Gs_train_2_Gs_infer,False,True,False,512,1,2,1,0.01,0.194 +/- 0.0,1.3481864929199219,0.194 +/- 0.0, 0.194, 1.8410522937774658 +/- 0.0, 1.8410522937774658
