dataset,coarsening_method,coarsening_ratio,exp_setup,extra_nodes,cluster_node,hidden,num_layers1,num_layers2,epochs1,epochs2,batch_size,lr,best_test_loss,best_test_acc
ENZYMES,variation_neighborhoods,0.1,Gc_train_2_Gs_infer,False,True,512,2,2,100,300,2,0.001,10.721415511469047,0.0
ENZYMES,variation_neighborhoods,0.1,Gc_train_2_Gs_infer,False,True,512,2,2,100,300,2,0.01,78.77398630777995,0.5
ENZYMES,variation_neighborhoods,0.1,Gc_train_2_Gs_infer,False,True,512,2,2,100,300,2,0.1,787.855448811849,0.5
ENZYMES,variation_neighborhoods,0.1,Gc_train_2_Gs_infer,False,True,512,2,2,100,300,16,0.001,1.7972975611686706,0.0
ENZYMES,variation_neighborhoods,0.1,Gc_train_2_Gs_infer,False,True,512,2,2,100,300,16,0.01,8.341914105415345,0.16666666666666666
ENZYMES,variation_neighborhoods,0.1,Gc_train_2_Gs_infer,False,True,512,2,2,100,300,16,0.1,48.44673671722412,0.0
ENZYMES,variation_neighborhoods,0.1,Gc_train_2_Gs_infer,False,True,512,2,2,100,300,32,0.001,1.7861095666885376,0.22727272727272727
ENZYMES,variation_neighborhoods,0.1,Gc_train_2_Gs_infer,False,True,512,2,2,100,300,32,0.01,4.216733121871949,0.18181818181818182
ENZYMES,variation_neighborhoods,0.1,Gc_train_2_Gs_infer,False,True,512,2,2,100,300,32,0.1,14.796819877624511,0.3181818181818182
ENZYMES,variation_neighborhoods,0.1,Gc_train_2_Gs_infer,False,True,512,2,2,100,300,128,0.001,1.7415342330932617,0.3181818181818182
ENZYMES,variation_neighborhoods,0.1,Gc_train_2_Gs_infer,False,True,512,2,2,100,300,128,0.01,3.225770115852356,0.045454545454545456
ENZYMES,variation_neighborhoods,0.1,Gc_train_2_Gs_infer,False,True,512,2,2,100,300,128,0.1,4.065581798553467,0.18181818181818182
ENZYMES,variation_neighborhoods,0.5,Gc_train_2_Gs_infer,False,True,512,2,2,100,300,2,0.001,17.676858474879214,1.0
ENZYMES,variation_neighborhoods,0.5,Gc_train_2_Gs_infer,False,True,512,2,2,100,300,2,0.01,187.65237248738606,0.5
ENZYMES,variation_neighborhoods,0.5,Gc_train_2_Gs_infer,False,True,512,2,2,100,300,2,0.1,1152.8538134765624,0.0
ENZYMES,variation_neighborhoods,0.5,Gc_train_2_Gs_infer,False,True,512,2,2,100,300,16,0.001,1.8932826519012451,0.3333333333333333
ENZYMES,variation_neighborhoods,0.5,Gc_train_2_Gs_infer,False,True,512,2,2,100,300,16,0.01,44.73059797286987,0.16666666666666666
ENZYMES,variation_neighborhoods,0.5,Gc_train_2_Gs_infer,False,True,512,2,2,100,300,16,0.1,162.27936019897462,0.16666666666666666
ENZYMES,variation_neighborhoods,0.5,Gc_train_2_Gs_infer,False,True,512,2,2,100,300,32,0.001,1.7600146532058716,0.22727272727272727
ENZYMES,variation_neighborhoods,0.5,Gc_train_2_Gs_infer,False,True,512,2,2,100,300,32,0.01,7.737306308746338,0.18181818181818182
ENZYMES,variation_neighborhoods,0.5,Gc_train_2_Gs_infer,False,True,512,2,2,100,300,32,0.1,259.2623260498047,0.22727272727272727
ENZYMES,variation_neighborhoods,0.5,Gc_train_2_Gs_infer,False,True,512,2,2,100,300,128,0.001,1.8054724335670471,0.09090909090909091
ENZYMES,variation_neighborhoods,0.5,Gc_train_2_Gs_infer,False,True,512,2,2,100,300,128,0.01,1.8695623278617859,0.18181818181818182
ENZYMES,variation_neighborhoods,0.5,Gc_train_2_Gs_infer,False,True,512,2,2,100,300,128,0.1,119.23407745361328,0.22727272727272727
ENZYMES,variation_neighborhoods,0.9,Gc_train_2_Gs_infer,False,True,512,2,2,100,300,2,0.001,23.45626943707466,0.0
ENZYMES,variation_neighborhoods,0.9,Gc_train_2_Gs_infer,False,True,512,2,2,100,300,2,0.01,371.1093302408854,0.5
ENZYMES,variation_neighborhoods,0.9,Gc_train_2_Gs_infer,False,True,512,2,2,100,300,2,0.1,1410.9545157877603,0.5
ENZYMES,variation_neighborhoods,0.9,Gc_train_2_Gs_infer,False,True,512,2,2,100,300,16,0.001,1.8135483860969543,0.16666666666666666
ENZYMES,variation_neighborhoods,0.9,Gc_train_2_Gs_infer,False,True,512,2,2,100,300,16,0.01,26.765905094146728,0.16666666666666666
ENZYMES,variation_neighborhoods,0.9,Gc_train_2_Gs_infer,False,True,512,2,2,100,300,16,0.1,430.09833374023435,0.16666666666666666
ENZYMES,variation_neighborhoods,0.9,Gc_train_2_Gs_infer,False,True,512,2,2,100,300,32,0.001,1.8349079608917236,0.13636363636363635
ENZYMES,variation_neighborhoods,0.9,Gc_train_2_Gs_infer,False,True,512,2,2,100,300,32,0.01,8.31258659362793,0.22727272727272727
ENZYMES,variation_neighborhoods,0.9,Gc_train_2_Gs_infer,False,True,512,2,2,100,300,32,0.1,312.6658142089844,0.13636363636363635
ENZYMES,variation_neighborhoods,0.9,Gc_train_2_Gs_infer,False,True,512,2,2,100,300,128,0.001,1.789314329624176,0.22727272727272727
ENZYMES,variation_neighborhoods,0.9,Gc_train_2_Gs_infer,False,True,512,2,2,100,300,128,0.01,1.8492901921272278,0.09090909090909091
ENZYMES,variation_neighborhoods,0.9,Gc_train_2_Gs_infer,False,True,512,2,2,100,300,128,0.1,37.9476261138916,0.13636363636363635
ENZYMES,algebraic_JC,0.1,Gc_train_2_Gs_infer,False,True,512,2,2,100,300,2,0.001,4.289917259216309,0.0
ENZYMES,algebraic_JC,0.1,Gc_train_2_Gs_infer,False,True,512,2,2,100,300,2,0.01,54.200276692708336,0.5
ENZYMES,algebraic_JC,0.1,Gc_train_2_Gs_infer,False,True,512,2,2,100,300,2,0.1,538.3481260172526,0.0
ENZYMES,algebraic_JC,0.1,Gc_train_2_Gs_infer,False,True,512,2,2,100,300,16,0.001,1.8197242617607117,0.0
ENZYMES,algebraic_JC,0.1,Gc_train_2_Gs_infer,False,True,512,2,2,100,300,16,0.01,4.662098336219787,0.3333333333333333
ENZYMES,algebraic_JC,0.1,Gc_train_2_Gs_infer,False,True,512,2,2,100,300,16,0.1,22.419248580932617,0.16666666666666666
ENZYMES,algebraic_JC,0.1,Gc_train_2_Gs_infer,False,True,512,2,2,100,300,32,0.001,1.8355266094207763,0.18181818181818182
ENZYMES,algebraic_JC,0.1,Gc_train_2_Gs_infer,False,True,512,2,2,100,300,32,0.01,3.6193286418914794,0.18181818181818182
ENZYMES,algebraic_JC,0.1,Gc_train_2_Gs_infer,False,True,512,2,2,100,300,32,0.1,17.772495460510253,0.18181818181818182
ENZYMES,algebraic_JC,0.1,Gc_train_2_Gs_infer,False,True,512,2,2,100,300,128,0.001,1.877358078956604,0.13636363636363635
ENZYMES,algebraic_JC,0.1,Gc_train_2_Gs_infer,False,True,512,2,2,100,300,128,0.01,1.9915048480033875,0.045454545454545456
ENZYMES,algebraic_JC,0.1,Gc_train_2_Gs_infer,False,True,512,2,2,100,300,128,0.1,4.370508670806885,0.18181818181818182
ENZYMES,algebraic_JC,0.5,Gc_train_2_Gs_infer,False,True,512,2,2,100,300,2,0.001,15.025592639247577,0.0
ENZYMES,algebraic_JC,0.5,Gc_train_2_Gs_infer,False,True,512,2,2,100,300,2,0.01,232.6215500640869,0.5
ENZYMES,algebraic_JC,0.5,Gc_train_2_Gs_infer,False,True,512,2,2,100,300,2,0.1,1310.408426920573,0.0
ENZYMES,algebraic_JC,0.5,Gc_train_2_Gs_infer,False,True,512,2,2,100,300,16,0.001,1.7955085039138794,0.16666666666666666
ENZYMES,algebraic_JC,0.5,Gc_train_2_Gs_infer,False,True,512,2,2,100,300,16,0.01,19.23259449005127,0.16666666666666666
ENZYMES,algebraic_JC,0.5,Gc_train_2_Gs_infer,False,True,512,2,2,100,300,16,0.1,161.7897750854492,0.0
ENZYMES,algebraic_JC,0.5,Gc_train_2_Gs_infer,False,True,512,2,2,100,300,32,0.001,1.7673529624938964,0.3181818181818182
ENZYMES,algebraic_JC,0.5,Gc_train_2_Gs_infer,False,True,512,2,2,100,300,32,0.01,7.592403697967529,0.09090909090909091
ENZYMES,algebraic_JC,0.5,Gc_train_2_Gs_infer,False,True,512,2,2,100,300,32,0.1,123.7118637084961,0.18181818181818182
ENZYMES,algebraic_JC,0.5,Gc_train_2_Gs_infer,False,True,512,2,2,100,300,128,0.001,1.7826277017593384,0.3181818181818182
ENZYMES,algebraic_JC,0.5,Gc_train_2_Gs_infer,False,True,512,2,2,100,300,128,0.01,1.8034088611602783,0.36363636363636365
ENZYMES,algebraic_JC,0.5,Gc_train_2_Gs_infer,False,True,512,2,2,100,300,128,0.1,92.95209503173828,0.09090909090909091
ENZYMES,algebraic_JC,0.9,Gc_train_2_Gs_infer,False,True,512,2,2,100,300,2,0.001,31.01490612030028,0.0
ENZYMES,algebraic_JC,0.9,Gc_train_2_Gs_infer,False,True,512,2,2,100,300,2,0.01,231.97937129436488,0.5
ENZYMES,algebraic_JC,0.9,Gc_train_2_Gs_infer,False,True,512,2,2,100,300,2,0.1,1715.2966424560548,0.0
ENZYMES,algebraic_JC,0.9,Gc_train_2_Gs_infer,False,True,512,2,2,100,300,16,0.001,1.839258861541748,0.0
ENZYMES,algebraic_JC,0.9,Gc_train_2_Gs_infer,False,True,512,2,2,100,300,16,0.01,14.008811855316162,0.0
ENZYMES,algebraic_JC,0.9,Gc_train_2_Gs_infer,False,True,512,2,2,100,300,16,0.1,250.50548553466797,0.16666666666666666
ENZYMES,algebraic_JC,0.9,Gc_train_2_Gs_infer,False,True,512,2,2,100,300,32,0.001,1.7870628118515015,0.2727272727272727
ENZYMES,algebraic_JC,0.9,Gc_train_2_Gs_infer,False,True,512,2,2,100,300,32,0.01,9.073092460632324,0.13636363636363635
ENZYMES,algebraic_JC,0.9,Gc_train_2_Gs_infer,False,True,512,2,2,100,300,32,0.1,283.3333282470703,0.18181818181818182
ENZYMES,algebraic_JC,0.9,Gc_train_2_Gs_infer,False,True,512,2,2,100,300,128,0.001,1.8211439847946167,0.18181818181818182
ENZYMES,algebraic_JC,0.9,Gc_train_2_Gs_infer,False,True,512,2,2,100,300,128,0.01,1.9756423234939575,0.13636363636363635
ENZYMES,algebraic_JC,0.9,Gc_train_2_Gs_infer,False,True,512,2,2,100,300,128,0.1,64.93436622619629,0.13636363636363635
ENZYMES,affinity_GS,0.1,Gc_train_2_Gs_infer,False,True,512,2,2,100,300,2,0.001,7.8244613468647,0.0
ENZYMES,affinity_GS,0.1,Gc_train_2_Gs_infer,False,True,512,2,2,100,300,2,0.01,30.436510799328484,0.0
ENZYMES,affinity_GS,0.1,Gc_train_2_Gs_infer,False,True,512,2,2,100,300,2,0.1,404.26788899739586,0.0
ENZYMES,affinity_GS,0.1,Gc_train_2_Gs_infer,False,True,512,2,2,100,300,16,0.001,2.0249596357345583,0.16666666666666666
ENZYMES,affinity_GS,0.1,Gc_train_2_Gs_infer,False,True,512,2,2,100,300,16,0.01,3.394942545890808,0.16666666666666666
ENZYMES,affinity_GS,0.1,Gc_train_2_Gs_infer,False,True,512,2,2,100,300,16,0.1,21.64808807373047,0.5
ENZYMES,affinity_GS,0.1,Gc_train_2_Gs_infer,False,True,512,2,2,100,300,32,0.001,1.7823588371276855,0.3181818181818182
ENZYMES,affinity_GS,0.1,Gc_train_2_Gs_infer,False,True,512,2,2,100,300,32,0.01,3.8464688301086425,0.2727272727272727
ENZYMES,affinity_GS,0.1,Gc_train_2_Gs_infer,False,True,512,2,2,100,300,32,0.1,32.22476692199707,0.09090909090909091
ENZYMES,affinity_GS,0.1,Gc_train_2_Gs_infer,False,True,512,2,2,100,300,128,0.001,1.835347592830658,0.18181818181818182
ENZYMES,affinity_GS,0.1,Gc_train_2_Gs_infer,False,True,512,2,2,100,300,128,0.01,2.232314944267273,0.045454545454545456
ENZYMES,affinity_GS,0.1,Gc_train_2_Gs_infer,False,True,512,2,2,100,300,128,0.1,6.9413676261901855,0.045454545454545456
ENZYMES,affinity_GS,0.5,Gc_train_2_Gs_infer,False,True,512,2,2,100,300,2,0.001,14.421600187694033,0.5
ENZYMES,affinity_GS,0.5,Gc_train_2_Gs_infer,False,True,512,2,2,100,300,2,0.01,99.84355616251628,0.0
ENZYMES,affinity_GS,0.5,Gc_train_2_Gs_infer,False,True,512,2,2,100,300,2,0.1,2779.9121508789062,0.5
ENZYMES,affinity_GS,0.5,Gc_train_2_Gs_infer,False,True,512,2,2,100,300,16,0.001,1.8462650775909424,0.0
ENZYMES,affinity_GS,0.5,Gc_train_2_Gs_infer,False,True,512,2,2,100,300,16,0.01,24.099711608886718,0.3333333333333333
ENZYMES,affinity_GS,0.5,Gc_train_2_Gs_infer,False,True,512,2,2,100,300,16,0.1,199.6763656616211,0.0
ENZYMES,affinity_GS,0.5,Gc_train_2_Gs_infer,False,True,512,2,2,100,300,32,0.001,1.8240834951400757,0.13636363636363635
ENZYMES,affinity_GS,0.5,Gc_train_2_Gs_infer,False,True,512,2,2,100,300,32,0.01,9.117835426330567,0.2727272727272727
ENZYMES,affinity_GS,0.5,Gc_train_2_Gs_infer,False,True,512,2,2,100,300,32,0.1,72.63443222045899,0.045454545454545456
ENZYMES,affinity_GS,0.5,Gc_train_2_Gs_infer,False,True,512,2,2,100,300,128,0.001,1.8777081966400146,0.09090909090909091
ENZYMES,affinity_GS,0.5,Gc_train_2_Gs_infer,False,True,512,2,2,100,300,128,0.01,1.9546558260917664,0.18181818181818182
ENZYMES,affinity_GS,0.5,Gc_train_2_Gs_infer,False,True,512,2,2,100,300,128,0.1,57.89242172241211,0.4090909090909091
ENZYMES,affinity_GS,0.9,Gc_train_2_Gs_infer,False,True,512,2,2,100,300,2,0.001,18.513342277606327,0.0
ENZYMES,affinity_GS,0.9,Gc_train_2_Gs_infer,False,True,512,2,2,100,300,2,0.01,215.70073547363282,0.0
ENZYMES,affinity_GS,0.9,Gc_train_2_Gs_infer,False,True,512,2,2,100,300,2,0.1,1685.2819140625,0.0
ENZYMES,affinity_GS,0.9,Gc_train_2_Gs_infer,False,True,512,2,2,100,300,16,0.001,1.8555919647216796,0.16666666666666666
ENZYMES,affinity_GS,0.9,Gc_train_2_Gs_infer,False,True,512,2,2,100,300,16,0.01,44.47764701843262,0.16666666666666666
ENZYMES,affinity_GS,0.9,Gc_train_2_Gs_infer,False,True,512,2,2,100,300,16,0.1,432.5998809814453,0.16666666666666666
ENZYMES,affinity_GS,0.9,Gc_train_2_Gs_infer,False,True,512,2,2,100,300,32,0.001,1.8044160604476929,0.13636363636363635
ENZYMES,affinity_GS,0.9,Gc_train_2_Gs_infer,False,True,512,2,2,100,300,32,0.01,8.115672969818116,0.09090909090909091
ENZYMES,affinity_GS,0.9,Gc_train_2_Gs_infer,False,True,512,2,2,100,300,32,0.1,81.19585723876953,0.13636363636363635
ENZYMES,affinity_GS,0.9,Gc_train_2_Gs_infer,False,True,512,2,2,100,300,128,0.001,1.7199960350990295,0.18181818181818182
ENZYMES,affinity_GS,0.9,Gc_train_2_Gs_infer,False,True,512,2,2,100,300,128,0.01,1.9588177800178528,0.3181818181818182
ENZYMES,affinity_GS,0.9,Gc_train_2_Gs_infer,False,True,512,2,2,100,300,128,0.1,58.08138656616211,0.22727272727272727
ENZYMES,kron,0.1,Gc_train_2_Gs_infer,False,True,512,2,2,100,300,2,0.001,4.878548866113027,0.5
ENZYMES,kron,0.1,Gc_train_2_Gs_infer,False,True,512,2,2,100,300,2,0.01,38.78153348286946,0.5
ENZYMES,kron,0.1,Gc_train_2_Gs_infer,False,True,512,2,2,100,300,2,0.1,298.88532368977866,0.0
ENZYMES,kron,0.1,Gc_train_2_Gs_infer,False,True,512,2,2,100,300,16,0.001,1.7841025352478028,0.0
ENZYMES,kron,0.1,Gc_train_2_Gs_infer,False,True,512,2,2,100,300,16,0.01,5.116436171531677,0.16666666666666666
ENZYMES,kron,0.1,Gc_train_2_Gs_infer,False,True,512,2,2,100,300,16,0.1,19.138796997070312,0.3333333333333333
ENZYMES,kron,0.1,Gc_train_2_Gs_infer,False,True,512,2,2,100,300,32,0.001,1.8234456062316895,0.22727272727272727
ENZYMES,kron,0.1,Gc_train_2_Gs_infer,False,True,512,2,2,100,300,32,0.01,3.5557446479797363,0.18181818181818182
ENZYMES,kron,0.1,Gc_train_2_Gs_infer,False,True,512,2,2,100,300,32,0.1,11.272359085083007,0.13636363636363635
ENZYMES,kron,0.1,Gc_train_2_Gs_infer,False,True,512,2,2,100,300,128,0.001,1.8575373888015747,0.13636363636363635
ENZYMES,kron,0.1,Gc_train_2_Gs_infer,False,True,512,2,2,100,300,128,0.01,1.8085472583770752,0.18181818181818182
ENZYMES,kron,0.1,Gc_train_2_Gs_infer,False,True,512,2,2,100,300,128,0.1,3.7506624460220337,0.13636363636363635
ENZYMES,kron,0.5,Gc_train_2_Gs_infer,False,True,512,2,2,100,300,2,0.001,16.991524622465175,0.0
ENZYMES,kron,0.5,Gc_train_2_Gs_infer,False,True,512,2,2,100,300,2,0.01,129.27050351123947,0.0
ENZYMES,kron,0.5,Gc_train_2_Gs_infer,False,True,512,2,2,100,300,2,0.1,1326.2044222005209,0.5
ENZYMES,kron,0.5,Gc_train_2_Gs_infer,False,True,512,2,2,100,300,16,0.001,1.7783762097358704,0.16666666666666666
ENZYMES,kron,0.5,Gc_train_2_Gs_infer,False,True,512,2,2,100,300,16,0.01,27.508171463012694,0.16666666666666666
ENZYMES,kron,0.5,Gc_train_2_Gs_infer,False,True,512,2,2,100,300,16,0.1,118.26266498565674,0.16666666666666666
ENZYMES,kron,0.5,Gc_train_2_Gs_infer,False,True,512,2,2,100,300,32,0.001,1.8190823793411255,0.09090909090909091
ENZYMES,kron,0.5,Gc_train_2_Gs_infer,False,True,512,2,2,100,300,32,0.01,9.303369140625,0.22727272727272727
ENZYMES,kron,0.5,Gc_train_2_Gs_infer,False,True,512,2,2,100,300,32,0.1,147.91412658691405,0.13636363636363635
ENZYMES,kron,0.5,Gc_train_2_Gs_infer,False,True,512,2,2,100,300,128,0.001,1.769075095653534,0.4090909090909091
ENZYMES,kron,0.5,Gc_train_2_Gs_infer,False,True,512,2,2,100,300,128,0.01,1.8913951516151428,0.22727272727272727
ENZYMES,kron,0.5,Gc_train_2_Gs_infer,False,True,512,2,2,100,300,128,0.1,50.774078369140625,0.09090909090909091
ENZYMES,kron,0.9,Gc_train_2_Gs_infer,False,True,512,2,2,100,300,2,0.001,14.512982191244761,0.0
ENZYMES,kron,0.9,Gc_train_2_Gs_infer,False,True,512,2,2,100,300,2,0.01,248.78206909179687,0.5
ENZYMES,kron,0.9,Gc_train_2_Gs_infer,False,True,512,2,2,100,300,2,0.1,1923.2656917317709,0.0
ENZYMES,kron,0.9,Gc_train_2_Gs_infer,False,True,512,2,2,100,300,16,0.001,1.851692020893097,0.0
ENZYMES,kron,0.9,Gc_train_2_Gs_infer,False,True,512,2,2,100,300,16,0.01,34.95115070343017,0.0
ENZYMES,kron,0.9,Gc_train_2_Gs_infer,False,True,512,2,2,100,300,16,0.1,260.61111907958986,0.16666666666666666
ENZYMES,kron,0.9,Gc_train_2_Gs_infer,False,True,512,2,2,100,300,32,0.001,1.8164117574691772,0.2727272727272727
ENZYMES,kron,0.9,Gc_train_2_Gs_infer,False,True,512,2,2,100,300,32,0.01,6.688519477844238,0.09090909090909091
ENZYMES,kron,0.9,Gc_train_2_Gs_infer,False,True,512,2,2,100,300,32,0.1,489.4630187988281,0.22727272727272727
ENZYMES,kron,0.9,Gc_train_2_Gs_infer,False,True,512,2,2,100,300,128,0.001,1.9690449237823486,0.13636363636363635
ENZYMES,kron,0.9,Gc_train_2_Gs_infer,False,True,512,2,2,100,300,128,0.01,1.8661887645721436,0.13636363636363635
ENZYMES,kron,0.9,Gc_train_2_Gs_infer,False,True,512,2,2,100,300,128,0.1,50.64414978027344,0.13636363636363635
ENZYMES,variation_neighborhoods,0.1,Gc_train_2_Gs_infer,False,False,512,2,2,100,300,2,0.001,8.155008896191914,0.0
ENZYMES,variation_neighborhoods,0.1,Gc_train_2_Gs_infer,False,False,512,2,2,100,300,2,0.01,48.67706837018331,0.0
ENZYMES,variation_neighborhoods,0.1,Gc_train_2_Gs_infer,False,False,512,2,2,100,300,2,0.1,356.86566365559895,0.0
ENZYMES,variation_neighborhoods,0.1,Gc_train_2_Gs_infer,False,False,512,2,2,100,300,16,0.001,1.8366577625274658,0.0
ENZYMES,variation_neighborhoods,0.1,Gc_train_2_Gs_infer,False,False,512,2,2,100,300,16,0.01,5.185209488868713,0.0
ENZYMES,variation_neighborhoods,0.1,Gc_train_2_Gs_infer,False,False,512,2,2,100,300,16,0.1,47.77484970092773,0.16666666666666666
ENZYMES,variation_neighborhoods,0.1,Gc_train_2_Gs_infer,False,False,512,2,2,100,300,32,0.001,1.8033620834350585,0.09090909090909091
ENZYMES,variation_neighborhoods,0.1,Gc_train_2_Gs_infer,False,False,512,2,2,100,300,32,0.01,3.499451684951782,0.13636363636363635
ENZYMES,variation_neighborhoods,0.1,Gc_train_2_Gs_infer,False,False,512,2,2,100,300,32,0.1,4.884603214263916,0.2727272727272727
ENZYMES,variation_neighborhoods,0.1,Gc_train_2_Gs_infer,False,False,512,2,2,100,300,128,0.001,1.777989387512207,0.22727272727272727
ENZYMES,variation_neighborhoods,0.1,Gc_train_2_Gs_infer,False,False,512,2,2,100,300,128,0.01,2.175248384475708,0.09090909090909091
ENZYMES,variation_neighborhoods,0.1,Gc_train_2_Gs_infer,False,False,512,2,2,100,300,128,0.1,8.854257106781006,0.22727272727272727
ENZYMES,variation_neighborhoods,0.5,Gc_train_2_Gs_infer,False,False,512,2,2,100,300,2,0.001,17.722584820290407,0.5
ENZYMES,variation_neighborhoods,0.5,Gc_train_2_Gs_infer,False,False,512,2,2,100,300,2,0.01,99.90966104899843,0.5
ENZYMES,variation_neighborhoods,0.5,Gc_train_2_Gs_infer,False,False,512,2,2,100,300,2,0.1,508.996759185791,0.0
ENZYMES,variation_neighborhoods,0.5,Gc_train_2_Gs_infer,False,False,512,2,2,100,300,16,0.001,1.8229766011238098,0.16666666666666666
ENZYMES,variation_neighborhoods,0.5,Gc_train_2_Gs_infer,False,False,512,2,2,100,300,16,0.01,23.377984714508056,0.0
ENZYMES,variation_neighborhoods,0.5,Gc_train_2_Gs_infer,False,False,512,2,2,100,300,16,0.1,66.09170761108399,0.16666666666666666
ENZYMES,variation_neighborhoods,0.5,Gc_train_2_Gs_infer,False,False,512,2,2,100,300,32,0.001,1.8063403129577638,0.13636363636363635
ENZYMES,variation_neighborhoods,0.5,Gc_train_2_Gs_infer,False,False,512,2,2,100,300,32,0.01,3.9170337200164793,0.18181818181818182
ENZYMES,variation_neighborhoods,0.5,Gc_train_2_Gs_infer,False,False,512,2,2,100,300,32,0.1,140.12071838378907,0.18181818181818182
ENZYMES,variation_neighborhoods,0.5,Gc_train_2_Gs_infer,False,False,512,2,2,100,300,128,0.001,1.8120048642158508,0.09090909090909091
ENZYMES,variation_neighborhoods,0.5,Gc_train_2_Gs_infer,False,False,512,2,2,100,300,128,0.01,1.8803398609161377,0.22727272727272727
ENZYMES,variation_neighborhoods,0.5,Gc_train_2_Gs_infer,False,False,512,2,2,100,300,128,0.1,55.68332290649414,0.2727272727272727
ENZYMES,variation_neighborhoods,0.9,Gc_train_2_Gs_infer,False,False,512,2,2,100,300,2,0.001,16.99522215437765,0.0
ENZYMES,variation_neighborhoods,0.9,Gc_train_2_Gs_infer,False,False,512,2,2,100,300,2,0.01,197.98312072753907,0.0
ENZYMES,variation_neighborhoods,0.9,Gc_train_2_Gs_infer,False,False,512,2,2,100,300,2,0.1,2521.213575846354,0.0
ENZYMES,variation_neighborhoods,0.9,Gc_train_2_Gs_infer,False,False,512,2,2,100,300,16,0.001,1.8798620104789734,0.0
ENZYMES,variation_neighborhoods,0.9,Gc_train_2_Gs_infer,False,False,512,2,2,100,300,16,0.01,31.421050834655762,0.16666666666666666
ENZYMES,variation_neighborhoods,0.9,Gc_train_2_Gs_infer,False,False,512,2,2,100,300,16,0.1,595.3299102783203,0.16666666666666666
ENZYMES,variation_neighborhoods,0.9,Gc_train_2_Gs_infer,False,False,512,2,2,100,300,32,0.001,1.795586848258972,0.09090909090909091
ENZYMES,variation_neighborhoods,0.9,Gc_train_2_Gs_infer,False,False,512,2,2,100,300,32,0.01,10.046684837341308,0.18181818181818182
ENZYMES,variation_neighborhoods,0.9,Gc_train_2_Gs_infer,False,False,512,2,2,100,300,32,0.1,196.08665466308594,0.18181818181818182
ENZYMES,variation_neighborhoods,0.9,Gc_train_2_Gs_infer,False,False,512,2,2,100,300,128,0.001,1.9069011807441711,0.22727272727272727
ENZYMES,variation_neighborhoods,0.9,Gc_train_2_Gs_infer,False,False,512,2,2,100,300,128,0.01,1.9529186487197876,0.045454545454545456
ENZYMES,variation_neighborhoods,0.9,Gc_train_2_Gs_infer,False,False,512,2,2,100,300,128,0.1,79.6920280456543,0.18181818181818182
ENZYMES,algebraic_JC,0.1,Gc_train_2_Gs_infer,False,False,512,2,2,100,300,2,0.001,5.807738183438778,0.0
ENZYMES,algebraic_JC,0.1,Gc_train_2_Gs_infer,False,False,512,2,2,100,300,2,0.01,76.13996116478322,0.0
ENZYMES,algebraic_JC,0.1,Gc_train_2_Gs_infer,False,False,512,2,2,100,300,2,0.1,568.4347884114584,0.0
ENZYMES,algebraic_JC,0.1,Gc_train_2_Gs_infer,False,False,512,2,2,100,300,16,0.001,1.7714816093444825,0.3333333333333333
ENZYMES,algebraic_JC,0.1,Gc_train_2_Gs_infer,False,False,512,2,2,100,300,16,0.01,6.395244216918945,0.16666666666666666
ENZYMES,algebraic_JC,0.1,Gc_train_2_Gs_infer,False,False,512,2,2,100,300,16,0.1,32.763862419128415,0.16666666666666666
ENZYMES,algebraic_JC,0.1,Gc_train_2_Gs_infer,False,False,512,2,2,100,300,32,0.001,1.809044599533081,0.18181818181818182
ENZYMES,algebraic_JC,0.1,Gc_train_2_Gs_infer,False,False,512,2,2,100,300,32,0.01,2.639032077789307,0.0
ENZYMES,algebraic_JC,0.1,Gc_train_2_Gs_infer,False,False,512,2,2,100,300,32,0.1,17.65052738189697,0.13636363636363635
ENZYMES,algebraic_JC,0.1,Gc_train_2_Gs_infer,False,False,512,2,2,100,300,128,0.001,1.816237449645996,0.18181818181818182
ENZYMES,algebraic_JC,0.1,Gc_train_2_Gs_infer,False,False,512,2,2,100,300,128,0.01,2.059954285621643,0.045454545454545456
ENZYMES,algebraic_JC,0.1,Gc_train_2_Gs_infer,False,False,512,2,2,100,300,128,0.1,5.9213035106658936,0.045454545454545456
ENZYMES,algebraic_JC,0.5,Gc_train_2_Gs_infer,False,False,512,2,2,100,300,2,0.001,23.592196098367374,0.5
ENZYMES,algebraic_JC,0.5,Gc_train_2_Gs_infer,False,False,512,2,2,100,300,2,0.01,171.77916015625,0.5
ENZYMES,algebraic_JC,0.5,Gc_train_2_Gs_infer,False,False,512,2,2,100,300,2,0.1,1211.9858911132812,0.5
ENZYMES,algebraic_JC,0.5,Gc_train_2_Gs_infer,False,False,512,2,2,100,300,16,0.001,1.8332136154174805,0.16666666666666666
ENZYMES,algebraic_JC,0.5,Gc_train_2_Gs_infer,False,False,512,2,2,100,300,16,0.01,34.112830543518065,0.3333333333333333
ENZYMES,algebraic_JC,0.5,Gc_train_2_Gs_infer,False,False,512,2,2,100,300,16,0.1,88.0685317993164,0.0
ENZYMES,algebraic_JC,0.5,Gc_train_2_Gs_infer,False,False,512,2,2,100,300,32,0.001,1.8050750732421874,0.13636363636363635
ENZYMES,algebraic_JC,0.5,Gc_train_2_Gs_infer,False,False,512,2,2,100,300,32,0.01,8.010735988616943,0.22727272727272727
ENZYMES,algebraic_JC,0.5,Gc_train_2_Gs_infer,False,False,512,2,2,100,300,32,0.1,52.9798080444336,0.2727272727272727
ENZYMES,algebraic_JC,0.5,Gc_train_2_Gs_infer,False,False,512,2,2,100,300,128,0.001,1.8012976050376892,0.22727272727272727
ENZYMES,algebraic_JC,0.5,Gc_train_2_Gs_infer,False,False,512,2,2,100,300,128,0.01,1.9319652915000916,0.18181818181818182
ENZYMES,algebraic_JC,0.5,Gc_train_2_Gs_infer,False,False,512,2,2,100,300,128,0.1,44.15920639038086,0.22727272727272727
ENZYMES,algebraic_JC,0.9,Gc_train_2_Gs_infer,False,False,512,2,2,100,300,2,0.001,13.962901651064556,0.0
ENZYMES,algebraic_JC,0.9,Gc_train_2_Gs_infer,False,False,512,2,2,100,300,2,0.01,245.61399291992188,0.0
ENZYMES,algebraic_JC,0.9,Gc_train_2_Gs_infer,False,False,512,2,2,100,300,2,0.1,1501.5430794270833,0.0
ENZYMES,algebraic_JC,0.9,Gc_train_2_Gs_infer,False,False,512,2,2,100,300,16,0.001,1.8447695612907409,0.16666666666666666
ENZYMES,algebraic_JC,0.9,Gc_train_2_Gs_infer,False,False,512,2,2,100,300,16,0.01,48.82798843383789,0.16666666666666666
ENZYMES,algebraic_JC,0.9,Gc_train_2_Gs_infer,False,False,512,2,2,100,300,16,0.1,307.55784606933594,0.0
ENZYMES,algebraic_JC,0.9,Gc_train_2_Gs_infer,False,False,512,2,2,100,300,32,0.001,1.8629979133605956,0.22727272727272727
ENZYMES,algebraic_JC,0.9,Gc_train_2_Gs_infer,False,False,512,2,2,100,300,32,0.01,11.52132053375244,0.13636363636363635
ENZYMES,algebraic_JC,0.9,Gc_train_2_Gs_infer,False,False,512,2,2,100,300,32,0.1,118.72493896484374,0.22727272727272727
ENZYMES,algebraic_JC,0.9,Gc_train_2_Gs_infer,False,False,512,2,2,100,300,128,0.001,1.7720981240272522,0.22727272727272727
ENZYMES,algebraic_JC,0.9,Gc_train_2_Gs_infer,False,False,512,2,2,100,300,128,0.01,1.7861263155937195,0.18181818181818182
ENZYMES,algebraic_JC,0.9,Gc_train_2_Gs_infer,False,False,512,2,2,100,300,128,0.1,75.52097702026367,0.13636363636363635
ENZYMES,affinity_GS,0.1,Gc_train_2_Gs_infer,False,False,512,2,2,100,300,2,0.001,5.4455949773887795,0.5
ENZYMES,affinity_GS,0.1,Gc_train_2_Gs_infer,False,False,512,2,2,100,300,2,0.01,57.72083979288737,0.5
ENZYMES,affinity_GS,0.1,Gc_train_2_Gs_infer,False,False,512,2,2,100,300,2,0.1,303.5136608886719,0.0
ENZYMES,affinity_GS,0.1,Gc_train_2_Gs_infer,False,False,512,2,2,100,300,16,0.001,1.8493616700172424,0.16666666666666666
ENZYMES,affinity_GS,0.1,Gc_train_2_Gs_infer,False,False,512,2,2,100,300,16,0.01,4.633872246742248,0.16666666666666666
ENZYMES,affinity_GS,0.1,Gc_train_2_Gs_infer,False,False,512,2,2,100,300,16,0.1,37.522522163391116,0.0
ENZYMES,affinity_GS,0.1,Gc_train_2_Gs_infer,False,False,512,2,2,100,300,32,0.001,1.7986109256744385,0.22727272727272727
ENZYMES,affinity_GS,0.1,Gc_train_2_Gs_infer,False,False,512,2,2,100,300,32,0.01,4.043510293960571,0.13636363636363635
ENZYMES,affinity_GS,0.1,Gc_train_2_Gs_infer,False,False,512,2,2,100,300,32,0.1,13.377496147155762,0.18181818181818182
ENZYMES,affinity_GS,0.1,Gc_train_2_Gs_infer,False,False,512,2,2,100,300,128,0.001,1.8142640590667725,0.13636363636363635
ENZYMES,affinity_GS,0.1,Gc_train_2_Gs_infer,False,False,512,2,2,100,300,128,0.01,1.859963834285736,0.045454545454545456
ENZYMES,affinity_GS,0.1,Gc_train_2_Gs_infer,False,False,512,2,2,100,300,128,0.1,10.747764587402344,0.18181818181818182
ENZYMES,affinity_GS,0.5,Gc_train_2_Gs_infer,False,False,512,2,2,100,300,2,0.001,7.575622637271881,0.0
ENZYMES,affinity_GS,0.5,Gc_train_2_Gs_infer,False,False,512,2,2,100,300,2,0.01,142.89869674682618,0.5
ENZYMES,affinity_GS,0.5,Gc_train_2_Gs_infer,False,False,512,2,2,100,300,2,0.1,1065.5069618733723,0.0
ENZYMES,affinity_GS,0.5,Gc_train_2_Gs_infer,False,False,512,2,2,100,300,16,0.001,1.8819465160369873,0.3333333333333333
ENZYMES,affinity_GS,0.5,Gc_train_2_Gs_infer,False,False,512,2,2,100,300,16,0.01,40.128892517089845,0.0
ENZYMES,affinity_GS,0.5,Gc_train_2_Gs_infer,False,False,512,2,2,100,300,16,0.1,182.31411895751953,0.16666666666666666
ENZYMES,affinity_GS,0.5,Gc_train_2_Gs_infer,False,False,512,2,2,100,300,32,0.001,1.8624023914337158,0.22727272727272727
ENZYMES,affinity_GS,0.5,Gc_train_2_Gs_infer,False,False,512,2,2,100,300,32,0.01,9.93391819000244,0.22727272727272727
ENZYMES,affinity_GS,0.5,Gc_train_2_Gs_infer,False,False,512,2,2,100,300,32,0.1,66.47352752685546,0.09090909090909091
ENZYMES,affinity_GS,0.5,Gc_train_2_Gs_infer,False,False,512,2,2,100,300,128,0.001,1.7753666639328003,0.18181818181818182
ENZYMES,affinity_GS,0.5,Gc_train_2_Gs_infer,False,False,512,2,2,100,300,128,0.01,1.877282977104187,0.18181818181818182
ENZYMES,affinity_GS,0.5,Gc_train_2_Gs_infer,False,False,512,2,2,100,300,128,0.1,35.040855407714844,0.18181818181818182
ENZYMES,affinity_GS,0.9,Gc_train_2_Gs_infer,False,False,512,2,2,100,300,2,0.001,12.082837869326273,0.0
ENZYMES,affinity_GS,0.9,Gc_train_2_Gs_infer,False,False,512,2,2,100,300,2,0.01,282.81043212890626,0.0
ENZYMES,affinity_GS,0.9,Gc_train_2_Gs_infer,False,False,512,2,2,100,300,2,0.1,1697.5935579427082,0.5
ENZYMES,affinity_GS,0.9,Gc_train_2_Gs_infer,False,False,512,2,2,100,300,16,0.001,1.9106145262718202,0.16666666666666666
ENZYMES,affinity_GS,0.9,Gc_train_2_Gs_infer,False,False,512,2,2,100,300,16,0.01,20.02688112258911,0.3333333333333333
ENZYMES,affinity_GS,0.9,Gc_train_2_Gs_infer,False,False,512,2,2,100,300,16,0.1,218.3421890258789,0.0
ENZYMES,affinity_GS,0.9,Gc_train_2_Gs_infer,False,False,512,2,2,100,300,32,0.001,1.8014184474945067,0.22727272727272727
ENZYMES,affinity_GS,0.9,Gc_train_2_Gs_infer,False,False,512,2,2,100,300,32,0.01,13.04434814453125,0.13636363636363635
ENZYMES,affinity_GS,0.9,Gc_train_2_Gs_infer,False,False,512,2,2,100,300,32,0.1,218.60076599121095,0.13636363636363635
ENZYMES,affinity_GS,0.9,Gc_train_2_Gs_infer,False,False,512,2,2,100,300,128,0.001,1.8077303171157837,0.09090909090909091
ENZYMES,affinity_GS,0.9,Gc_train_2_Gs_infer,False,False,512,2,2,100,300,128,0.01,1.8322061896324158,0.22727272727272727
ENZYMES,affinity_GS,0.9,Gc_train_2_Gs_infer,False,False,512,2,2,100,300,128,0.1,96.40326309204102,0.09090909090909091
ENZYMES,kron,0.1,Gc_train_2_Gs_infer,False,False,512,2,2,100,300,2,0.001,4.798108558257421,0.0
ENZYMES,kron,0.1,Gc_train_2_Gs_infer,False,False,512,2,2,100,300,2,0.01,43.0752835274837,0.5
ENZYMES,kron,0.1,Gc_train_2_Gs_infer,False,False,512,2,2,100,300,2,0.1,274.4247573343913,0.0
ENZYMES,kron,0.1,Gc_train_2_Gs_infer,False,False,512,2,2,100,300,16,0.001,1.8243258833885192,0.3333333333333333
ENZYMES,kron,0.1,Gc_train_2_Gs_infer,False,False,512,2,2,100,300,16,0.01,3.8609607219696045,0.16666666666666666
ENZYMES,kron,0.1,Gc_train_2_Gs_infer,False,False,512,2,2,100,300,16,0.1,9.969886541366577,0.16666666666666666
ENZYMES,kron,0.1,Gc_train_2_Gs_infer,False,False,512,2,2,100,300,32,0.001,1.8424917936325074,0.045454545454545456
ENZYMES,kron,0.1,Gc_train_2_Gs_infer,False,False,512,2,2,100,300,32,0.01,2.1137740135192873,0.045454545454545456
ENZYMES,kron,0.1,Gc_train_2_Gs_infer,False,False,512,2,2,100,300,32,0.1,7.783446788787842,0.13636363636363635
ENZYMES,kron,0.1,Gc_train_2_Gs_infer,False,False,512,2,2,100,300,128,0.001,1.7967392802238464,0.13636363636363635
ENZYMES,kron,0.1,Gc_train_2_Gs_infer,False,False,512,2,2,100,300,128,0.01,2.022572636604309,0.18181818181818182
ENZYMES,kron,0.1,Gc_train_2_Gs_infer,False,False,512,2,2,100,300,128,0.1,5.898832321166992,0.22727272727272727
ENZYMES,kron,0.5,Gc_train_2_Gs_infer,False,False,512,2,2,100,300,2,0.001,18.489446447292963,0.0
ENZYMES,kron,0.5,Gc_train_2_Gs_infer,False,False,512,2,2,100,300,2,0.01,135.62517115275065,0.0
ENZYMES,kron,0.5,Gc_train_2_Gs_infer,False,False,512,2,2,100,300,2,0.1,965.2872900390626,0.5
ENZYMES,kron,0.5,Gc_train_2_Gs_infer,False,False,512,2,2,100,300,16,0.001,1.7830935835838317,0.16666666666666666
ENZYMES,kron,0.5,Gc_train_2_Gs_infer,False,False,512,2,2,100,300,16,0.01,38.20249977111816,0.0
ENZYMES,kron,0.5,Gc_train_2_Gs_infer,False,False,512,2,2,100,300,16,0.1,219.45262145996094,0.16666666666666666
ENZYMES,kron,0.5,Gc_train_2_Gs_infer,False,False,512,2,2,100,300,32,0.001,1.83199200630188,0.13636363636363635
ENZYMES,kron,0.5,Gc_train_2_Gs_infer,False,False,512,2,2,100,300,32,0.01,5.220053005218506,0.3181818181818182
ENZYMES,kron,0.5,Gc_train_2_Gs_infer,False,False,512,2,2,100,300,32,0.1,119.22172241210937,0.09090909090909091
ENZYMES,kron,0.5,Gc_train_2_Gs_infer,False,False,512,2,2,100,300,128,0.001,1.8630159497261047,0.13636363636363635
ENZYMES,kron,0.5,Gc_train_2_Gs_infer,False,False,512,2,2,100,300,128,0.01,1.9694907665252686,0.045454545454545456
ENZYMES,kron,0.5,Gc_train_2_Gs_infer,False,False,512,2,2,100,300,128,0.1,83.72019577026367,0.22727272727272727
ENZYMES,kron,0.9,Gc_train_2_Gs_infer,False,False,512,2,2,100,300,2,0.001,18.00467212826091,0.5
ENZYMES,kron,0.9,Gc_train_2_Gs_infer,False,False,512,2,2,100,300,2,0.01,368.0455965169271,0.0
ENZYMES,kron,0.9,Gc_train_2_Gs_infer,False,False,512,2,2,100,300,2,0.1,1102.799599202474,0.0
ENZYMES,kron,0.9,Gc_train_2_Gs_infer,False,False,512,2,2,100,300,16,0.001,1.8626104474067688,0.3333333333333333
ENZYMES,kron,0.9,Gc_train_2_Gs_infer,False,False,512,2,2,100,300,16,0.01,57.27815704345703,0.16666666666666666
ENZYMES,kron,0.9,Gc_train_2_Gs_infer,False,False,512,2,2,100,300,16,0.1,378.3098175048828,0.3333333333333333
ENZYMES,kron,0.9,Gc_train_2_Gs_infer,False,False,512,2,2,100,300,32,0.001,1.8015902996063233,0.13636363636363635
ENZYMES,kron,0.9,Gc_train_2_Gs_infer,False,False,512,2,2,100,300,32,0.01,10.740565872192382,0.18181818181818182
ENZYMES,kron,0.9,Gc_train_2_Gs_infer,False,False,512,2,2,100,300,32,0.1,91.4548583984375,0.18181818181818182
ENZYMES,kron,0.9,Gc_train_2_Gs_infer,False,False,512,2,2,100,300,128,0.001,1.833714485168457,0.13636363636363635
ENZYMES,kron,0.9,Gc_train_2_Gs_infer,False,False,512,2,2,100,300,128,0.01,1.897169053554535,0.18181818181818182
ENZYMES,kron,0.9,Gc_train_2_Gs_infer,False,False,512,2,2,100,300,128,0.1,84.25239944458008,0.09090909090909091
ENZYMES,variation_neighborhoods,0.1,Gc_train_2_Gs_infer,True,False,512,2,2,100,300,2,0.001,9.882658585707347,1.0
ENZYMES,variation_neighborhoods,0.1,Gc_train_2_Gs_infer,True,False,512,2,2,100,300,2,0.01,48.684450691524255,0.0
ENZYMES,variation_neighborhoods,0.1,Gc_train_2_Gs_infer,True,False,512,2,2,100,300,2,0.1,391.11692708333334,0.5
ENZYMES,variation_neighborhoods,0.1,Gc_train_2_Gs_infer,True,False,512,2,2,100,300,16,0.001,1.9811320543289184,0.0
ENZYMES,variation_neighborhoods,0.1,Gc_train_2_Gs_infer,True,False,512,2,2,100,300,16,0.01,6.364327716827392,0.0
ENZYMES,variation_neighborhoods,0.1,Gc_train_2_Gs_infer,True,False,512,2,2,100,300,16,0.1,30.466916847229005,0.16666666666666666
ENZYMES,variation_neighborhoods,0.1,Gc_train_2_Gs_infer,True,False,512,2,2,100,300,32,0.001,1.7864469051361085,0.22727272727272727
ENZYMES,variation_neighborhoods,0.1,Gc_train_2_Gs_infer,True,False,512,2,2,100,300,32,0.01,3.221018886566162,0.13636363636363635
ENZYMES,variation_neighborhoods,0.1,Gc_train_2_Gs_infer,True,False,512,2,2,100,300,32,0.1,26.518086624145507,0.045454545454545456
ENZYMES,variation_neighborhoods,0.1,Gc_train_2_Gs_infer,True,False,512,2,2,100,300,128,0.001,1.7755241990089417,0.22727272727272727
ENZYMES,variation_neighborhoods,0.1,Gc_train_2_Gs_infer,True,False,512,2,2,100,300,128,0.01,1.7656617760658264,0.4090909090909091
ENZYMES,variation_neighborhoods,0.1,Gc_train_2_Gs_infer,True,False,512,2,2,100,300,128,0.1,7.496891498565674,0.18181818181818182
ENZYMES,variation_neighborhoods,0.5,Gc_train_2_Gs_infer,True,False,512,2,2,100,300,2,0.001,29.003683059215547,0.5
ENZYMES,variation_neighborhoods,0.5,Gc_train_2_Gs_infer,True,False,512,2,2,100,300,2,0.01,122.87893447875976,0.0
ENZYMES,variation_neighborhoods,0.5,Gc_train_2_Gs_infer,True,False,512,2,2,100,300,2,0.1,990.7644685872395,0.0
ENZYMES,variation_neighborhoods,0.5,Gc_train_2_Gs_infer,True,False,512,2,2,100,300,16,0.001,1.7911420464515686,0.3333333333333333
ENZYMES,variation_neighborhoods,0.5,Gc_train_2_Gs_infer,True,False,512,2,2,100,300,16,0.01,18.260920381546022,0.16666666666666666
ENZYMES,variation_neighborhoods,0.5,Gc_train_2_Gs_infer,True,False,512,2,2,100,300,16,0.1,63.08141403198242,0.16666666666666666
ENZYMES,variation_neighborhoods,0.5,Gc_train_2_Gs_infer,True,False,512,2,2,100,300,32,0.001,1.8102660417556762,0.13636363636363635
ENZYMES,variation_neighborhoods,0.5,Gc_train_2_Gs_infer,True,False,512,2,2,100,300,32,0.01,3.1898727416992188,0.045454545454545456
ENZYMES,variation_neighborhoods,0.5,Gc_train_2_Gs_infer,True,False,512,2,2,100,300,32,0.1,234.36297912597655,0.13636363636363635
ENZYMES,variation_neighborhoods,0.5,Gc_train_2_Gs_infer,True,False,512,2,2,100,300,128,0.001,1.7095701098442078,0.45454545454545453
ENZYMES,variation_neighborhoods,0.5,Gc_train_2_Gs_infer,True,False,512,2,2,100,300,128,0.01,1.859121859073639,0.2727272727272727
ENZYMES,variation_neighborhoods,0.5,Gc_train_2_Gs_infer,True,False,512,2,2,100,300,128,0.1,107.65093231201172,0.18181818181818182
ENZYMES,variation_neighborhoods,0.9,Gc_train_2_Gs_infer,True,False,512,2,2,100,300,2,0.001,20.843065945679943,0.5
ENZYMES,variation_neighborhoods,0.9,Gc_train_2_Gs_infer,True,False,512,2,2,100,300,2,0.01,142.2929748598699,0.5
ENZYMES,variation_neighborhoods,0.9,Gc_train_2_Gs_infer,True,False,512,2,2,100,300,2,0.1,1981.5481795247397,0.0
ENZYMES,variation_neighborhoods,0.9,Gc_train_2_Gs_infer,True,False,512,2,2,100,300,16,0.001,1.7818365097045898,0.3333333333333333
ENZYMES,variation_neighborhoods,0.9,Gc_train_2_Gs_infer,True,False,512,2,2,100,300,16,0.01,63.829430389404294,0.3333333333333333
ENZYMES,variation_neighborhoods,0.9,Gc_train_2_Gs_infer,True,False,512,2,2,100,300,16,0.1,397.6054962158203,0.3333333333333333
ENZYMES,variation_neighborhoods,0.9,Gc_train_2_Gs_infer,True,False,512,2,2,100,300,32,0.001,1.7754948139190674,0.22727272727272727
ENZYMES,variation_neighborhoods,0.9,Gc_train_2_Gs_infer,True,False,512,2,2,100,300,32,0.01,6.812124252319336,0.045454545454545456
ENZYMES,variation_neighborhoods,0.9,Gc_train_2_Gs_infer,True,False,512,2,2,100,300,32,0.1,553.874169921875,0.18181818181818182
ENZYMES,variation_neighborhoods,0.9,Gc_train_2_Gs_infer,True,False,512,2,2,100,300,128,0.001,1.8318779468536377,0.22727272727272727
ENZYMES,variation_neighborhoods,0.9,Gc_train_2_Gs_infer,True,False,512,2,2,100,300,128,0.01,1.8107377290725708,0.09090909090909091
ENZYMES,variation_neighborhoods,0.9,Gc_train_2_Gs_infer,True,False,512,2,2,100,300,128,0.1,134.21941375732422,0.045454545454545456
ENZYMES,algebraic_JC,0.1,Gc_train_2_Gs_infer,True,False,512,2,2,100,300,2,0.001,6.687805242538452,0.0
ENZYMES,algebraic_JC,0.1,Gc_train_2_Gs_infer,True,False,512,2,2,100,300,2,0.01,39.50280319213867,0.0
ENZYMES,algebraic_JC,0.1,Gc_train_2_Gs_infer,True,False,512,2,2,100,300,2,0.1,701.6751647949219,0.5
ENZYMES,algebraic_JC,0.1,Gc_train_2_Gs_infer,True,False,512,2,2,100,300,16,0.001,1.8468439698219299,0.16666666666666666
ENZYMES,algebraic_JC,0.1,Gc_train_2_Gs_infer,True,False,512,2,2,100,300,16,0.01,5.657741498947144,0.16666666666666666
ENZYMES,algebraic_JC,0.1,Gc_train_2_Gs_infer,True,False,512,2,2,100,300,16,0.1,17.163695669174196,0.5
ENZYMES,algebraic_JC,0.1,Gc_train_2_Gs_infer,True,False,512,2,2,100,300,32,0.001,1.7950706005096435,0.2727272727272727
ENZYMES,algebraic_JC,0.1,Gc_train_2_Gs_infer,True,False,512,2,2,100,300,32,0.01,2.7344745635986327,0.09090909090909091
ENZYMES,algebraic_JC,0.1,Gc_train_2_Gs_infer,True,False,512,2,2,100,300,32,0.1,12.998187828063966,0.09090909090909091
ENZYMES,algebraic_JC,0.1,Gc_train_2_Gs_infer,True,False,512,2,2,100,300,128,0.001,1.775931477546692,0.13636363636363635
ENZYMES,algebraic_JC,0.1,Gc_train_2_Gs_infer,True,False,512,2,2,100,300,128,0.01,2.2149577140808105,0.13636363636363635
ENZYMES,algebraic_JC,0.1,Gc_train_2_Gs_infer,True,False,512,2,2,100,300,128,0.1,3.944454312324524,0.045454545454545456
ENZYMES,algebraic_JC,0.5,Gc_train_2_Gs_infer,True,False,512,2,2,100,300,2,0.001,19.93183367521502,0.5
ENZYMES,algebraic_JC,0.5,Gc_train_2_Gs_infer,True,False,512,2,2,100,300,2,0.01,82.18092510620735,0.5
ENZYMES,algebraic_JC,0.5,Gc_train_2_Gs_infer,True,False,512,2,2,100,300,2,0.1,1414.5903401692708,0.5
ENZYMES,algebraic_JC,0.5,Gc_train_2_Gs_infer,True,False,512,2,2,100,300,16,0.001,1.7749901056289672,0.5
ENZYMES,algebraic_JC,0.5,Gc_train_2_Gs_infer,True,False,512,2,2,100,300,16,0.01,55.9368839263916,0.0
ENZYMES,algebraic_JC,0.5,Gc_train_2_Gs_infer,True,False,512,2,2,100,300,16,0.1,208.21680908203126,0.0
ENZYMES,algebraic_JC,0.5,Gc_train_2_Gs_infer,True,False,512,2,2,100,300,32,0.001,1.743563175201416,0.3181818181818182
ENZYMES,algebraic_JC,0.5,Gc_train_2_Gs_infer,True,False,512,2,2,100,300,32,0.01,4.071930265426635,0.2727272727272727
ENZYMES,algebraic_JC,0.5,Gc_train_2_Gs_infer,True,False,512,2,2,100,300,32,0.1,295.0178649902344,0.18181818181818182
ENZYMES,algebraic_JC,0.5,Gc_train_2_Gs_infer,True,False,512,2,2,100,300,128,0.001,1.7953690886497498,0.13636363636363635
ENZYMES,algebraic_JC,0.5,Gc_train_2_Gs_infer,True,False,512,2,2,100,300,128,0.01,1.855948805809021,0.13636363636363635
ENZYMES,algebraic_JC,0.5,Gc_train_2_Gs_infer,True,False,512,2,2,100,300,128,0.1,77.23743438720703,0.22727272727272727
ENZYMES,algebraic_JC,0.9,Gc_train_2_Gs_infer,True,False,512,2,2,100,300,2,0.001,28.033705432415008,0.0
ENZYMES,algebraic_JC,0.9,Gc_train_2_Gs_infer,True,False,512,2,2,100,300,2,0.01,343.0344158935547,0.0
ENZYMES,algebraic_JC,0.9,Gc_train_2_Gs_infer,True,False,512,2,2,100,300,2,0.1,1255.914405924479,0.0
ENZYMES,algebraic_JC,0.9,Gc_train_2_Gs_infer,True,False,512,2,2,100,300,16,0.001,1.8505640983581544,0.16666666666666666
ENZYMES,algebraic_JC,0.9,Gc_train_2_Gs_infer,True,False,512,2,2,100,300,16,0.01,65.43170204162598,0.16666666666666666
ENZYMES,algebraic_JC,0.9,Gc_train_2_Gs_infer,True,False,512,2,2,100,300,16,0.1,412.7160125732422,0.0
ENZYMES,algebraic_JC,0.9,Gc_train_2_Gs_infer,True,False,512,2,2,100,300,32,0.001,1.8443654775619507,0.045454545454545456
ENZYMES,algebraic_JC,0.9,Gc_train_2_Gs_infer,True,False,512,2,2,100,300,32,0.01,8.958983421325684,0.09090909090909091
ENZYMES,algebraic_JC,0.9,Gc_train_2_Gs_infer,True,False,512,2,2,100,300,32,0.1,340.2666259765625,0.2727272727272727
ENZYMES,algebraic_JC,0.9,Gc_train_2_Gs_infer,True,False,512,2,2,100,300,128,0.001,1.7756618857383728,0.22727272727272727
ENZYMES,algebraic_JC,0.9,Gc_train_2_Gs_infer,True,False,512,2,2,100,300,128,0.01,1.8161103129386902,0.22727272727272727
ENZYMES,algebraic_JC,0.9,Gc_train_2_Gs_infer,True,False,512,2,2,100,300,128,0.1,122.06045150756836,0.13636363636363635
ENZYMES,affinity_GS,0.1,Gc_train_2_Gs_infer,True,False,512,2,2,100,300,2,0.001,6.155972651640574,0.5
ENZYMES,affinity_GS,0.1,Gc_train_2_Gs_infer,True,False,512,2,2,100,300,2,0.01,44.1249344654878,0.0
ENZYMES,affinity_GS,0.1,Gc_train_2_Gs_infer,True,False,512,2,2,100,300,2,0.1,235.79065409342448,0.0
ENZYMES,affinity_GS,0.1,Gc_train_2_Gs_infer,True,False,512,2,2,100,300,16,0.001,1.8114500164985656,0.0
ENZYMES,affinity_GS,0.1,Gc_train_2_Gs_infer,True,False,512,2,2,100,300,16,0.01,3.7913562774658205,0.0
ENZYMES,affinity_GS,0.1,Gc_train_2_Gs_infer,True,False,512,2,2,100,300,16,0.1,35.57208518981933,0.0
ENZYMES,affinity_GS,0.1,Gc_train_2_Gs_infer,True,False,512,2,2,100,300,32,0.001,1.7981262922286987,0.09090909090909091
ENZYMES,affinity_GS,0.1,Gc_train_2_Gs_infer,True,False,512,2,2,100,300,32,0.01,3.5464259147644044,0.09090909090909091
ENZYMES,affinity_GS,0.1,Gc_train_2_Gs_infer,True,False,512,2,2,100,300,32,0.1,13.539100074768067,0.2727272727272727
ENZYMES,affinity_GS,0.1,Gc_train_2_Gs_infer,True,False,512,2,2,100,300,128,0.001,1.7941968441009521,0.09090909090909091
ENZYMES,affinity_GS,0.1,Gc_train_2_Gs_infer,True,False,512,2,2,100,300,128,0.01,2.509598135948181,0.045454545454545456
ENZYMES,affinity_GS,0.1,Gc_train_2_Gs_infer,True,False,512,2,2,100,300,128,0.1,7.049936771392822,0.22727272727272727
ENZYMES,affinity_GS,0.5,Gc_train_2_Gs_infer,True,False,512,2,2,100,300,2,0.001,14.660214673280716,0.0
ENZYMES,affinity_GS,0.5,Gc_train_2_Gs_infer,True,False,512,2,2,100,300,2,0.01,159.31833216349284,0.0
ENZYMES,affinity_GS,0.5,Gc_train_2_Gs_infer,True,False,512,2,2,100,300,2,0.1,529.7975882975261,0.0
ENZYMES,affinity_GS,0.5,Gc_train_2_Gs_infer,True,False,512,2,2,100,300,16,0.001,1.8187227606773377,0.16666666666666666
ENZYMES,affinity_GS,0.5,Gc_train_2_Gs_infer,True,False,512,2,2,100,300,16,0.01,20.254009342193605,0.3333333333333333
ENZYMES,affinity_GS,0.5,Gc_train_2_Gs_infer,True,False,512,2,2,100,300,16,0.1,268.75415115356446,0.0
ENZYMES,affinity_GS,0.5,Gc_train_2_Gs_infer,True,False,512,2,2,100,300,32,0.001,1.8346084833145142,0.09090909090909091
ENZYMES,affinity_GS,0.5,Gc_train_2_Gs_infer,True,False,512,2,2,100,300,32,0.01,9.783790016174317,0.18181818181818182
ENZYMES,affinity_GS,0.5,Gc_train_2_Gs_infer,True,False,512,2,2,100,300,32,0.1,88.6401580810547,0.09090909090909091
ENZYMES,affinity_GS,0.5,Gc_train_2_Gs_infer,True,False,512,2,2,100,300,128,0.001,1.7717784643173218,0.13636363636363635
ENZYMES,affinity_GS,0.5,Gc_train_2_Gs_infer,True,False,512,2,2,100,300,128,0.01,1.9122593402862549,0.22727272727272727
ENZYMES,affinity_GS,0.5,Gc_train_2_Gs_infer,True,False,512,2,2,100,300,128,0.1,68.14244842529297,0.22727272727272727
ENZYMES,affinity_GS,0.9,Gc_train_2_Gs_infer,True,False,512,2,2,100,300,2,0.001,16.54718594978253,0.0
ENZYMES,affinity_GS,0.9,Gc_train_2_Gs_infer,True,False,512,2,2,100,300,2,0.01,141.65018521626791,0.5
ENZYMES,affinity_GS,0.9,Gc_train_2_Gs_infer,True,False,512,2,2,100,300,2,0.1,1335.9980635579427,0.0
ENZYMES,affinity_GS,0.9,Gc_train_2_Gs_infer,True,False,512,2,2,100,300,16,0.001,1.8632165670394898,0.16666666666666666
ENZYMES,affinity_GS,0.9,Gc_train_2_Gs_infer,True,False,512,2,2,100,300,16,0.01,13.598714447021484,0.0
ENZYMES,affinity_GS,0.9,Gc_train_2_Gs_infer,True,False,512,2,2,100,300,16,0.1,504.7578643798828,0.16666666666666666
ENZYMES,affinity_GS,0.9,Gc_train_2_Gs_infer,True,False,512,2,2,100,300,32,0.001,1.7928870677948,0.09090909090909091
ENZYMES,affinity_GS,0.9,Gc_train_2_Gs_infer,True,False,512,2,2,100,300,32,0.01,10.034306907653809,0.22727272727272727
ENZYMES,affinity_GS,0.9,Gc_train_2_Gs_infer,True,False,512,2,2,100,300,32,0.1,213.33663330078124,0.3181818181818182
ENZYMES,affinity_GS,0.9,Gc_train_2_Gs_infer,True,False,512,2,2,100,300,128,0.001,1.8496551513671875,0.18181818181818182
ENZYMES,affinity_GS,0.9,Gc_train_2_Gs_infer,True,False,512,2,2,100,300,128,0.01,1.814532220363617,0.045454545454545456
ENZYMES,affinity_GS,0.9,Gc_train_2_Gs_infer,True,False,512,2,2,100,300,128,0.1,60.09890556335449,0.09090909090909091
ENZYMES,kron,0.1,Gc_train_2_Gs_infer,True,False,512,2,2,100,300,2,0.001,3.740518584251404,0.0
ENZYMES,kron,0.1,Gc_train_2_Gs_infer,True,False,512,2,2,100,300,2,0.01,33.63534927368164,0.0
ENZYMES,kron,0.1,Gc_train_2_Gs_infer,True,False,512,2,2,100,300,2,0.1,602.0576354980469,0.0
ENZYMES,kron,0.1,Gc_train_2_Gs_infer,True,False,512,2,2,100,300,16,0.001,1.7513115763664246,0.3333333333333333
ENZYMES,kron,0.1,Gc_train_2_Gs_infer,True,False,512,2,2,100,300,16,0.01,3.9959227800369264,0.16666666666666666
ENZYMES,kron,0.1,Gc_train_2_Gs_infer,True,False,512,2,2,100,300,16,0.1,13.28712339401245,0.0
ENZYMES,kron,0.1,Gc_train_2_Gs_infer,True,False,512,2,2,100,300,32,0.001,1.7725951194763183,0.3181818181818182
ENZYMES,kron,0.1,Gc_train_2_Gs_infer,True,False,512,2,2,100,300,32,0.01,3.9084468364715574,0.0
ENZYMES,kron,0.1,Gc_train_2_Gs_infer,True,False,512,2,2,100,300,32,0.1,10.973501205444336,0.3181818181818182
ENZYMES,kron,0.1,Gc_train_2_Gs_infer,True,False,512,2,2,100,300,128,0.001,1.8304168581962585,0.09090909090909091
ENZYMES,kron,0.1,Gc_train_2_Gs_infer,True,False,512,2,2,100,300,128,0.01,2.2143073081970215,0.09090909090909091
ENZYMES,kron,0.1,Gc_train_2_Gs_infer,True,False,512,2,2,100,300,128,0.1,9.643319606781006,0.22727272727272727
ENZYMES,kron,0.5,Gc_train_2_Gs_infer,True,False,512,2,2,100,300,2,0.001,14.266950648625691,0.5
ENZYMES,kron,0.5,Gc_train_2_Gs_infer,True,False,512,2,2,100,300,2,0.01,210.10490814208984,0.0
ENZYMES,kron,0.5,Gc_train_2_Gs_infer,True,False,512,2,2,100,300,2,0.1,1023.009082034429,0.5
ENZYMES,kron,0.5,Gc_train_2_Gs_infer,True,False,512,2,2,100,300,16,0.001,1.7905706882476806,0.16666666666666666
ENZYMES,kron,0.5,Gc_train_2_Gs_infer,True,False,512,2,2,100,300,16,0.01,27.9105016708374,0.0
ENZYMES,kron,0.5,Gc_train_2_Gs_infer,True,False,512,2,2,100,300,16,0.1,168.52548522949218,0.16666666666666666
ENZYMES,kron,0.5,Gc_train_2_Gs_infer,True,False,512,2,2,100,300,32,0.001,1.8320268154144288,0.13636363636363635
ENZYMES,kron,0.5,Gc_train_2_Gs_infer,True,False,512,2,2,100,300,32,0.01,5.232103157043457,0.09090909090909091
ENZYMES,kron,0.5,Gc_train_2_Gs_infer,True,False,512,2,2,100,300,32,0.1,99.51983489990235,0.18181818181818182
ENZYMES,kron,0.5,Gc_train_2_Gs_infer,True,False,512,2,2,100,300,128,0.001,1.7359756231307983,0.3181818181818182
ENZYMES,kron,0.5,Gc_train_2_Gs_infer,True,False,512,2,2,100,300,128,0.01,2.040910303592682,0.045454545454545456
ENZYMES,kron,0.5,Gc_train_2_Gs_infer,True,False,512,2,2,100,300,128,0.1,31.121511459350586,0.18181818181818182
ENZYMES,kron,0.9,Gc_train_2_Gs_infer,True,False,512,2,2,100,300,2,0.001,25.250739930470786,0.5
ENZYMES,kron,0.9,Gc_train_2_Gs_infer,True,False,512,2,2,100,300,2,0.01,357.2705794270833,0.0
ENZYMES,kron,0.9,Gc_train_2_Gs_infer,True,False,512,2,2,100,300,2,0.1,959.0457412465413,0.5
ENZYMES,kron,0.9,Gc_train_2_Gs_infer,True,False,512,2,2,100,300,16,0.001,1.82257581949234,0.0
ENZYMES,kron,0.9,Gc_train_2_Gs_infer,True,False,512,2,2,100,300,16,0.01,30.17429871559143,0.3333333333333333
ENZYMES,kron,0.9,Gc_train_2_Gs_infer,True,False,512,2,2,100,300,16,0.1,356.62891082763673,0.16666666666666666
ENZYMES,kron,0.9,Gc_train_2_Gs_infer,True,False,512,2,2,100,300,32,0.001,1.8072908639907836,0.13636363636363635
ENZYMES,kron,0.9,Gc_train_2_Gs_infer,True,False,512,2,2,100,300,32,0.01,10.30435791015625,0.09090909090909091
ENZYMES,kron,0.9,Gc_train_2_Gs_infer,True,False,512,2,2,100,300,32,0.1,322.4623046875,0.09090909090909091
ENZYMES,kron,0.9,Gc_train_2_Gs_infer,True,False,512,2,2,100,300,128,0.001,1.9726267457008362,0.22727272727272727
ENZYMES,kron,0.9,Gc_train_2_Gs_infer,True,False,512,2,2,100,300,128,0.01,1.91886967420578,0.13636363636363635
ENZYMES,kron,0.9,Gc_train_2_Gs_infer,True,False,512,2,2,100,300,128,0.1,49.056509017944336,0.09090909090909091